station_id,station_name,water_body_id,water_body_name,sampling_depth_m,lon_etrs89,lat_etrs89,state_code
BB_25481088,Milow OP,DEGB_DEBB_ODR_OF_2,Uecker,34.9,13.8214799,53.4758543,BB
BB_25501075,Neuenfeld OP,DEGB_DEBB_ODR_OF_2,Uecker,42.1,14.0396771,53.4177417,BB
BB_26390030,Krempendorf OP,DEGB_DEBB_MEL_SL_1,Stepenitz / Loecknitz,6,12.1778506,53.3326178,BB
BB_26471092,Buchenhain,DEGB_DEBB_ODR_OF_2,Uecker,17.1,13.5486285,53.3100218,BB
BB_26480022,Schönermark-Wilhelmshof,DEGB_DEBB_ODR_OF_2,Uecker,14.7,13.7203479,53.3318456,BB
BB_27410250,"Dranse, 1 km nordöstl.",DEGB_DEMV_MEL_EO_4_16,EldeOberlauf,5,12.6379552,53.20891,BB
BB_27511090,Neuschönfeld OP,DEGB_DEBB_ODR_OD_1-1,Alte Oder 1,20,14.3039683,53.2410955,BB
BB_28360020,Stavenow,DEGB_DEBB_MEL_SL_1,Stepenitz / Loecknitz,4.5,11.7113054,53.1433483,BB
BB_28511234,Blumenhagen,DEGB_DEBB_ODR_OD_4,Schwedt,4.7,14.3052915,53.1167176,BB
BB_29410630,"Fretzdorf, 700 m nördlich",DEGB_DEBB_HAV_DJ_1,Dosse / Jäglitz,10.6,12.5493481,53.0752959,BB
BB_29519047,Criewen,DEGB_DEBB_ODR_OD_1-1,Alte Oder 1,5.1,14.231375,53.0203718,BB
BB_30370060,"Bälow, Trafohaus",DEGB_DEBB_MEL_SL_1,Stepenitz / Loecknitz,8.1,11.8645991,52.9399534,BB
BB_30390001,Schönhagen,DEGB_DEBB_MEL_SL_1,Stepenitz / Loecknitz,13,12.1845576,52.978581,BB
BB_30410900,Brunn,DEGB_DEBB_HAV_DJ_1,Dosse / Jäglitz,9.1,12.514159,52.9149708,BB
BB_30429700,Darritz OP,DEGB_DEBB_HAV_RH_1,Rhin,9.6,12.7077225,52.9457855,BB
BB_30448600,Meseberg,DEGB_DEBB_HAV_RH_1,Rhin,15.5,13.0984281,52.9690539,BB
BB_30470030,"Groß Schönebeck, West OP",DEGB_DEBB_HAV_OH_3,Obere Havel,5.1,13.5210037,52.9040041,BB
BB_31419710,"Wildberg, Heiningenberg OP",DEGB_DEBB_HAV_RH_1,Rhin,18,12.6152264,52.8656109,BB
BB_31464700,Neuholland,DEGB_DEBB_HAV_OH_3,Obere Havel,6,13.3406922,52.8737869,BB
BB_31481901,Lichterfelde,DEGB_DEBB_ODR_OD_3,Eberswalde,5.7,13.7291148,52.8677821,BB
BB_31502077,Neuranft-Herrenwiese,DEGB_DEBB_ODR_OD_5,Oderbruch,5,14.103337,52.8024691,BB
BB_32392350,"Gülpe, nahe Feldscheune OP",DEGB_DEBB_HAV_RH_1,Rhin,9.7,12.2414715,52.7219131,BB
BB_32417780,Görne Südwest,DEGB_DEBB_HAV_UH_4,Untere Havel 4,3.9,12.5007646,52.6988811,BB
BB_32439500,Ziethenhorst Süd,DEGB_DEBB_HAV_RH_1,Rhin,13,12.8755593,52.7939584,BB
BB_32449210,Sommerswalde OP,DEGB_DEBB_HAV_RH_1,Rhin,14.1,13.1105612,52.7493104,BB
BB_32455006,Borgsdorf/Pinnow OP,DEGB_DEBB_HAV_OH_1,Oranienburg,0.2,13.2249337,52.7048639,BB
BB_32512147,Eichwerder,DEGB_DEBB_ODR_OD_5,Oderbruch,6.1,14.1935049,52.7201651,BB
BB_33502258,Reichenow OP,DEGB_DEBB_ODR_OD_2,Wriezen,15,14.0647103,52.6432787,BB
BB_33522349,Letschin-Wilhelmsaue,DEGB_DEBB_ODR_OD_5,Oderbruch,8,14.3453289,52.6622965,BB
BB_34447013,"Dallgow, nördlich der Bahngleise",DEGB_DEBE_HAV_OH_1,Obere Havel BE,3.6,13.0884243,52.5428676,BB
BB_34522490,Hackenow,DEGB_DEBB_ODR_OD_5,Oderbruch,4.3,14.4650166,52.5256985,BB
BB_34522498,"Gusow OP, KSP 59",DEGB_DEBB_ODR_OD_5,Oderbruch,8,14.3868026,52.5841423,BB
BB_35406451,Kützkow,DEGB_DEBB_HAV_UH_4,Untere Havel 4,19.1,12.4336051,52.4910787,BB
BB_35416130,Lünow OP,DEGB_DEBB_HAV_UH_10,Nauen,14.1,12.6490598,52.4761081,BB
BB_35422520,Deetz-Schmergow OP,DEGB_DEBB_HAV_UH_2,Untere Havel 2,3.1,12.7892492,52.442488,BB
BB_35432600,Golm Nord,DEGB_DEBB_HAV_NU_3,Potsdam,22.1,12.9681271,52.417631,BB
BB_35522594,Alt Zeschdorf,DEGB_DEBB_ODR_OD_6,Frankfurt (Oder ),11,14.4527121,52.4245549,BB
BB_36432850,"Plötzin, Glindower Weg",DEGB_DEBB_HAV_UH_2,Untere Havel 2,15.1,12.8546209,52.3625546,BB
BB_36441950,"Bergholz-Rehbrücke, Am Rehgraben",DEGB_DEBB_HAV_NU_2,Nuthe,8,13.097793,52.3502206,BB
BB_37451911,"Groß Beuthen, Friedhof  OP",DEGB_DEBB_HAV_NU_3,Potsdam,18,13.2170811,52.2435886,BB
BB_37505096,Glienicke OP,DEGB_DEBB_HAV_US_3-2,Untere Spree 2,14,14.0434118,52.2057865,BB
BB_38421580,Linthe Ost OP,DEGB_DEBB_HAV_NU_2,Nuthe,11.9,12.8029217,52.1556107,BB
BB_38441730,Zülichendorf Ost,DEGB_DEBB_HAV_NU_2,Nuthe,18,13.0298998,52.1173499,BB
BB_38525000,Mixdorf,DEGB_DEBB_HAV_US_3-2,Untere Spree 2,9,14.3994629,52.1938407,BB
BB_39413110,Raben Süd,DEGB_DEBB_HAV_BP_1,Buckau / Plane,12.5,12.5784973,52.0405681,BB
BB_39515055,Trebatsch,DEGB_DEBB_HAV_US_3-2,Untere Spree 2,10.1,14.1793026,52.0873346,BB
BB_39515057,Möllen,DEGB_DEBB_HAV_US_3-2,Untere Spree 2,10,14.2389058,52.0808327,BB
BB_40476210,Liedekahle UP,DEGB_DEBB_HAV_DA_2,Dahme 2,33.5,13.5174555,51.9116358,BB
BB_40476211,Liedekahle OP,DEGB_DEBB_HAV_DA_2,Dahme 2,7.8,13.5175273,51.9116848,BB
BB_40486074,Reichwalde OP,DEGB_DEBB_HAV_MS_3,Schlepzig,8,13.7126562,51.9490299,BB
BB_41446012,Stolzenhain,DEGB_DEBB_SE-4-2,Elbe - Urstromtal,11.3,13.1644611,51.8405256,BB
BB_41466003,Zagelsdorf,DEGB_DEBB_HAV_DA_2,Dahme 2,4,13.4591162,51.8830146,BB
BB_41466004,Knippelsdorf,DEGB_DEBB_SE-4-2,Elbe - Urstromtal,6.8,13.3573453,51.8227721,BB
BB_41476054,Kemlitz OP,DEGB_DEBB_HAV_DA_2,Dahme 2,21.5,13.5350328,51.8558771,BB
BB_43446000,Züllsdorf,DEGB_DEBB_SE-4-2,Elbe - Urstromtal,9.5,13.1163286,51.6432861,BB
BB_43456034,Osteroda,DEGB_DEBB_SE-4-1,Schwarze Elster,15.8,13.3113669,51.6788882,BB
BB_45476067,Hirschfeld,DEGB_DESN_SE-2-1,Königsbrück,4.9,13.6202418,51.4015033,BB
BW_1/415-1,"QF Bronnbachquelle, Rottenburg",DEGB_DEBW_08-27-41,Mittleres Neckartal-Korngäu-Tübingen (GWK Stand 2019),0,8.9047246,48.4687962,BW
BW_1/771-6,"QF Gotteswaldquelle Kameralhof WV, Aichstetten",DEGB_DEBW_02-05-64,Allgäu-Aitrachquellen (GWK Stand 2019),0,10.0960402,47.8710277,BW
BW_10/320-8,"QF Bläsi, Aasen",DEGB_DEBW_07-14-60,Baar-Donaueschingen (GWK Stand 2019),0,8.5495525,47.9743383,BW
BW_10/721-9,"BBR 2 Grubenwald WV, Leutkirch i.Allgäu-Diepoldshofen",DEGB_DEBW_02-05-64,Allgäu-Aitrachquellen (GWK Stand 2019),25.2,9.9182277,47.8549674,BW
BW_105/067-5,"GWM 1138 A, Mahlberg",DEGB_DEBW_16-11-31,ORG-Herbolzheim-Rust (GWK Stand 2019),5,7.8001459,48.2901339,BW
BW_11/366-4,"QF Osterbachquelle, Empfingen",DEGB_DEBW_08-28-40,Mittleres Neckartal-Eyachmündung (GWK Stand 2019),0,8.7179832,48.3951793,BW
BW_120/563-3,"QF Obere Köhlerquelle, Notzingen",DEGB_DEBW_07-06-41,Albvorland-Göppingen-Filsmündung (GWK Stand 2019),0,9.4837706,48.6798665,BW
BW_1251/305-8,"BBR Nord Beregnungsverband, Dossenheim",DEGB_DEBW_16-02-49,ORG-Rhein-Neckar (GWK Stand 2019),14.6,8.6571277,49.4578474,BW
BW_127/715-1,"GWM E4 Blautal, Blaustein-Wippingen",DEGB_DEBW_06-05-65,Blaubeurer Alb-Aachquellen (GWK Stand 2019),5.4,9.8626188,48.4101672,BW
BW_133/254-6,"GWM Flach Kirschgartshausen Kälberweide MVV, MA-Sandhofen",DEGB_DEBW_16-02-49,ORG-Rhein-Neckar (GWK Stand 2019),2.9,8.4411186,49.5824847,BW
BW_14/714-5,"QF Lonequelle Urspring, Lonsee",DEGB_DEBW_06-03-65,Stubersheimer Alb-Lonequellen-Donauried (GWK Stand 2019),0,9.8926437,48.5483767,BW
BW_142/304-7,"GWM 18/O Flach, Hemsbach",DEGB_DEBW_16-01-36,ORG-Weinheim-Bergstraße (GWK Stand 2019),18,8.6215853,49.5943635,BW
BW_15/318-3,"QSS 1-4 Längentalquellen, Niedereschach",DEGB_DEBW_11-07-40,Sandstein-Schwarzwald-Neckar-und Eschachquellen (GWK Stand 2019),0,8.5356884,48.1341797,BW
BW_153/460-6,"QF Radquelle, Markgröningen",DEGB_DEBW_08-07-45,Neckarbecken-Enzmündung (GWK Stand 2019),0,9.1064497,48.9002248,BW
BW_154/767-1,"GWM 2 Riedbach, Dietenheim",DEGB_DEBW_01-05-64,Oberschwaben-Illertal (GWK Stand 2019),2.9,10.0640459,48.2241257,BW
BW_161/814-6,"GWM 8905 LW Gewann Vorderer See, Giengen a.d.Brenz-Hürben",DEGB_DEBW_06-03-65,Stubersheimer Alb-Lonequellen-Donauried (GWK Stand 2019),5,10.2191912,48.5962005,BW
BW_17/673-6,"SBR 1 Blauer See Primisweiler WV, Wangen i.A.-Schomburg",DEGB_DEBW_03-13-10,Bodensee-Argenmündung (GWK Stand 2019),6.5,9.7651102,47.6578174,BW
BW_172/772-2,"GWM 3-1982 Herlazhofen, Leutkirch",DEGB_DEBW_02-05-64,Allgäu-Aitrachquellen (GWK Stand 2019),6,10.050922,47.7935201,BW
BW_19/371-8,"QSS Jägertal-Schwert+Hauserried-Hauserfohren-Maienbohl WV, Engen",DEGB_DEBW_03-03-12,Hegau-Singener Becken (GWK Stand 2019),0,8.7331179,47.8460038,BW
BW_197/065-9,"GWM 7, Neuried-Dundenheim",DEGB_DEBW_16-10-32,ORG-Ortenau-Ried (GWK Stand 2019),4.1,7.8290184,48.4399712,BW
BW_199/258-0,"GWM FP 1 Stutensee, Friedrichstal",DEGB_DEBW_16-04-35,ORG-Graben-Neudorf (GWK Stand 2019),12.3,8.4895166,49.1076476,BW
BW_20/619-9,"QF 4-12 Schussenquelle, Bad Schussenried",DEGB_DEBW_02-02-62,Oberschwaben-Wasserscheide-Nord (GWK Stand 2019),0,9.6577578,48.0217889,BW
BW_207/065-9,"GWM 5  B36, Meißenheim-Kürzell",DEGB_DEBW_16-10-32,ORG-Ortenau-Ried (GWK Stand 2019),4.1,7.8205632,48.4014005,BW
BW_21/668-0,"GWM 4 Assmannshardt, Schemmerhofen",DEGB_DEBW_02-04-64,Oberschwaben-Riß (GWK Stand 2019),6.2,9.7163761,48.1499413,BW
BW_24/653-9,"BBR 6 Stadtwerke Tauberbischofsheim, Dittigheim",DEGB_DEBW_09-02-50,Muschelkalkplatten-Taubergrund-Grünbachtal (GWK Stand 2019),4.6,9.6826037,49.6044481,BW
BW_246/412-0,"GWM 706 Rudolf-Harbig-Straße, Sindelfingen",DEGB_DEBW_09-12-44,Muschelkalkplatten-Heckengäu-Würmquellen (GWK Stand 2019),5.8,8.9755901,48.7139808,BW
BW_26/022-9,"QF Sonnbergquelle, Auggen",DEGB_DEBW_16-15-30,ORG-Markgräfler Land (GWK Stand 2019),0,7.5990941,47.7905278,BW
BW_28/705-2,"QF Mörike NOW Ebertsbronn, Niederstetten-Wermutshausen",DEGB_DEBW_09-03-50,Muschelkalkplatten-Taubergrund-Hohenloher Ebene (GWK Stand 2019),0,9.9471258,49.4342846,BW
BW_287/306-4,BBR Reilingen,DEGB_DEBW_16-03-35,ORG-Hockenheim-Walldorf (GWK Stand 2019),13.5,8.5811293,49.3042883,BW
BW_3/709-3,"QF Untere Haldenquelle, Bühlertann",DEGB_DEBW_08-03-47,Limpurger Berge-Blinde Rot (GWK Stand 2019),0,9.9387431,49.0308266,BW
BW_305/814-0,"GWM 6050 LW An der Kreuzstrasse, Sontheim an der Brenz",DEGB_DEBW_06-03-65,Stubersheimer Alb-Lonequellen-Donauried (GWK Stand 2019),2.5,10.2747226,48.5448447,BW
BW_31/510-1,"TB I Hohes Gestad, Freiberg a.N.-Beihingen a.N.",DEGB_DEBW_08-06-42,Neckarbecken-Murrmündung (GWK Stand 2019),30,9.218944,48.9433667,BW
BW_318/070-8,"GWM PH 21 Hausen Mengen, Schallstadt",DEGB_DEBW_16-13-30,ORG-Neumagen-Moehlin (GWK Stand 2019),5,7.6985364,47.9587984,BW
BW_34/458-8,"BBR Großgartach, Leingarten",DEGB_DEBW_08-14-46,Weinsberger Tal-Heilbronn (GWK Stand 2019),27.5,9.1269706,49.1316329,BW
BW_351/115-1,"GWM P01 Büchen, Ohlsbach",DEGB_DEBW_14-05-32,Schwarzwald-unteres Kinzigtal (GWK Stand 2019),2.2,7.982912,48.4378818,BW
BW_39/618-1,"BBR 2 Alte Landstrasse, Unlingen",DEGB_DEBW_02-01-62,Oberschwaben-Riedlingen-Donautal (GWK Stand 2019),5,9.5201542,48.177782,BW
BW_44/602-0,"BBR IV SW Wertheim GmbH, Dertingen",DEGB_DEBW_10-02-50,Sandstein-Spessart-Taubermündung (GWK Stand 2019),22,9.5970852,49.7690693,BW
BW_50/565-0,"QF Gächinger Lauter, Sankt Johann-Gächingen",DEGB_DEBW_06-06-41,Vordere Alb-Bad Urach (GWK Stand 2019),0,9.3819512,48.43178,BW
BW_51/602-0,"BBR Tauberaue Höhefeld, Werbach-Gamburg",DEGB_DEBW_10-02-50,Sandstein-Spessart-Taubermündung (GWK Stand 2019),9.3,9.6042656,49.7045677,BW
BW_52/272-3,"QF Oberhofenquelle Mauchen WV, Stühlingen",DEGB_DEBW_09-16-20,Muschelkalkplatten-Wutachgebiet-Ehrenbachquellen (GWK Stand 2019),0,8.3860484,47.7542819,BW
BW_600/073-4,"QF Obere Quelle Höllstein, Steinen",DEGB_DEBW_11-09-21,Hochrhein-unteres Wiesental (GWK Stand 2019),0,7.7572642,47.6348069,BW
BW_600/309-4,"QF Fritzenwiesen, Obergrombach",DEGB_DEBW_09-09-35,Muschelkalkplatten-Kraichgau-Saalbachtal (GWK Stand 2019),0,8.6023304,49.064996,BW
BW_600/407-7,"QF 2 Hintere Quelle, Hilsbach",DEGB_DEBW_08-22-49,Kraichgau-Wasserscheide (GWK Stand 2019),0,8.8508611,49.2004639,BW
BW_600/554-9,"QF Nächstquelle Götzingen, Buchen (Odenwald)",DEGB_DEBW_09-06-48,Muschelkalkplatten-Bauland-Jagstmündung (GWK Stand 2019),0,9.3917047,49.501276,BW
BW_600/605-4,"QF Gailesquelle, Wölchingen",DEGB_DEBW_09-01-50,Muschelkalkplatten-Umpfer und Brehmbachquellen (GWK Stand 2019),0,9.6159067,49.4835666,BW
BW_600/662-8,"QF Im Krempel, Ottenbach",DEGB_DEBW_07-06-41,Albvorland-Göppingen-Filsmündung (GWK Stand 2019),0,9.7498496,48.7474144,BW
BW_602/458-0,"QF III Gewann Mühlrain, Neipperg",DEGB_DEBW_08-15-46,Neckarbecken-Zabergäu (GWK Stand 2019),0,9.0578389,49.0997331,BW
BW_67/619-2,"GWM 5 1988 Braunenweiler, Bad Saulgau",DEGB_DEBW_02-02-62,Oberschwaben-Wasserscheide-Nord (GWK Stand 2019),6,9.5496074,48.0213676,BW
BW_69/019-6,"TB Staatliches Lehr- und Versuchsgut, Ihringen",DEGB_DEBW_18-01-31,Kaiserstuhl-Breisgau (GWK Stand 2019),19,7.6302543,48.0511178,BW
BW_69/358-1,BBR Zeutern,DEGB_DEBW_08-24-35,Kraichgau-West (GWK Stand 2019),15,8.690109,49.1912285,BW
BW_8/022-7,TB Schliengen,DEGB_DEBW_16-15-30,ORG-Markgräfler Land (GWK Stand 2019),6.9,7.558248,47.7467774,BW
BW_8/671-0,"GWM 6-2 Kümmerazhofen Josefsbrunnenweg, Bad Waldsee",DEGB_DEBW_03-08-11,Oberschwaben-Wasserscheide-Süd (GWK Stand 2019),9,9.700969,47.8804585,BW
BW_80/162-3,BBR 1 Sinzheim,DEGB_DEBW_16-07-33,ORG-Bühl (GWK Stand 2019),5,8.1510179,48.7742445,BW
BW_80/413-1,"QF Kronenbrunnen, Gärtringen-Waldhöfe",DEGB_DEBW_08-27-41,Mittleres Neckartal-Korngäu-Tübingen (GWK Stand 2019),0,8.877552,48.6347552,BW
BW_88/706-3,"QF alte Reutal, Oberstetten-Wildentierbach",DEGB_DEBW_09-03-50,Muschelkalkplatten-Taubergrund-Hohenloher Ebene (GWK Stand 2019),0,9.978097,49.3783871,BW
BW_9/811-2,"TB 2 Westerhofen, Westhausen",DEGB_DEBW_07-02-48,Albvorland-Jagstquellen (GWK Stand 2019),5,10.2160018,48.8772861,BW
BW_98/458-0,"QF Hartlesbrunnen, Heilbronn-Biberach",DEGB_DEBW_08-13-46,Kraichgau-Unterland (GWK Stand 2019),0,9.1520874,49.1960753,BW
BY_1131593100020,RATTELSDORF 136,DEGB_DEBY_2_G037,Quartär - Hallstadt,2.6,10.917429,50.0304241,BY
BY_1131593900073,OSCHWITZ-ZAUN 21A,DEGB_DEBY_5_G001,Kristallin - Marktredwitz,2.7,12.2117124,50.069987,BY
BY_1131602700006,BRUENNSTADT 75A,DEGB_DEBY_2_G048,Unterkeuper - Mainbernheim,4,10.2989081,49.9011666,BY
BY_1131603000044,"VIERETH,HUT 193_A",DEGB_DEBY_2_G050,Quartär - Eltmann,4,10.7712847,49.934026,BY
BY_1131623200040,BUTTENHEIM VB 2 153,DEGB_DEBY_2_G023,Feuerletten/Albvorland - Eggolsheim,7,11.0341575,49.7922811,BY
BY_1131623300041,WIESENTTAL P D 151,DEGB_DEBY_2_G021,Feuerletten/Albvorland - Ebermannstadt,8.5,11.1734762,49.7675001,BY
BY_1131633200094,Baiersdorf Q6,DEGB_DEBY_2_G016,Quartär - Alterlangen,2,11.0234802,49.6683398,BY
BY_1131642600013,Gelchsheim MU 6,DEGB_DEBY_2_G077,Unterkeuper - Aub,0,10.0273224,49.5683486,BY
BY_1131653100160,WACHENDORF 117,DEGB_DEBY_2_G007,Sandsteinkeuper - Heilsbronn,10,10.8685739,49.454724,BY
BY_1131673800041,KLARDORF VAW B11,DEGB_DEBY_1_G070,Bodenwöhrer Bucht - Schwandorf,1.5,12.0965988,49.2775286,BY
BY_1131683000132,Wald (B neu) KMS 11,DEGB_DEBY_1_G064,Sandsteinkeuper - Gunzenhausen,17.5,10.7144807,49.1162045,BY
BY_1131683100025,WASSERZELL 120,DEGB_DEBY_2_G010,Sandsteinkeuper - Spalt,11.5,10.9555466,49.174531,BY
BY_1131703100020,DIETFURT 428,DEGB_DEBY_1_G060,Malm - Treuchtlingen,0,10.9244316,48.9453955,BY
BY_1131712900014,Holzkirchen W7A,DEGB_DEBY_1_G031,Nördlinger Ries - Nördlingen,2,10.6225868,48.8767769,BY
BY_1131713200014,ALTENDORF D 19,DEGB_DEBY_1_G060,Malm - Treuchtlingen,3,11.0383923,48.8717024,BY
BY_1131713600015,GEM. STAUBING A 853,DEGB_DEBY_1_G052,Malm - Kelheim,27.3,11.8037989,48.8590612,BY
BY_1131713800015,NIEDERLEIERNDF.MU. S6,DEGB_DEBY_1_G091,Vorlandmolasse - Mallersdorf-Pfaffenberg,3.3,12.093856,48.8224951,BY
BY_1131723200024,HATZENHOFEN HA 2,DEGB_DEBY_1_G045,Quartär - Ingolstadt,1.8,11.0442618,48.7394447,BY
BY_1131723300028,WEICHERING 41.02,DEGB_DEBY_1_G045,Quartär - Ingolstadt,2.1,11.2923742,48.7092486,BY
BY_1131733000022,Auchsesheim D 54,DEGB_DEBY_1_G024,Quartär - Asbach-Bäumenheim,0,10.7738034,48.6832429,BY
BY_1131733500047,ROHRBACH GW6,DEGB_DEBY_1_G053,Vorlandmolasse - Wolnzach,1.1,11.5696413,48.5993528,BY
BY_1131734100028,BW-UNTERE ISAR 30-75A,DEGB_DEBY_1_G105,Quartär - Landshut,2.3,12.6088085,48.6847892,BY
BY_1131743700363,MAUERN T 1,DEGB_DEBY_1_G114,Vorlandmolasse - Markt Indersdorf,41,11.9146496,48.5115015,BY
BY_1131743900164,LA VP1  Aumühle,DEGB_DEBY_1_G105,Quartär - Landshut,2.1,12.2635285,48.5911757,BY
BY_1131753100088,Waldhaus 741 (Gw768),DEGB_DEBY_1_G039,Quartär - Thierhaupten,4.3,10.9012585,48.4448627,BY
BY_1131754200112,Kleinkay,DEGB_DEBY_1_G128,Vorlandmolasse - Pfarrkirchen,45,12.7762566,48.4676826,BY
BY_1131762700015,ICHENHAUSEN D 6,DEGB_DEBY_1_G012,Vorlandmolasse - Roggenburg,0.9,10.3025164,48.3679943,BY
BY_1131763100393,WWA_9902 Wertach vital,DEGB_DEBY_1_G040,Quartär - Landsberg,2.3,10.8323382,48.3124657,BY
BY_1131763400366,WEICHS Q 6,DEGB_DEBY_1_G114,Vorlandmolasse - Markt Indersdorf,1.8,11.4220561,48.378265,BY
BY_1131763800374,BAUMBERG T 10,DEGB_DEBY_1_G104,Vorlandmolasse - Buch am Erlbach,66,12.0333552,48.3803309,BY
BY_1131773400390,ROTHSCHWAIGE Q 12,DEGB_DEBY_1_G109,Quartär - Dachau,1.2,11.4564166,48.2393366,BY
BY_1131774000030,AMPFING 607,DEGB_DEBY_1_G149,Quartär - Waldkraiburg,21.4,12.424962,48.2364526,BY
BY_1131774000038,WENDLING B TB 859,DEGB_DEBY_1_G147,Vorlandmolasse - Dorfen,95.5,12.3728916,48.2902055,BY
BY_1131783000044,Gennach 978 (Gw769),DEGB_DEBY_1_G040,Quartär - Landsberg,5.3,10.6999969,48.1169584,BY
BY_1131792900041,Altensteig B9 789,DEGB_DEBY_1_G014,Quartär - Salgen,4.5,10.5344314,48.005,BY
BY_1131803100025,DENKLINGEN 958  Denk016,DEGB_DEBY_1_G040,Quartär - Landsberg,35.5,10.8657942,47.9174538,BY
BY_1131812600006,KIMRATSHOFEN      703A,DEGB_DEBY_1_G004,Quartär - Bad Grönenbach,11.9,10.1463254,47.8138875,BY
BY_1131813300018,WIELENBACH NR.3 691,DEGB_DEBY_1_G117,Quartär - Weilheim i.OB,10.5,11.166618,47.8859986,BY
BY_1131843200023,OBERAU 2/3 TR,DEGB_DEBY_1_G096,Quartär - Penzberg,9,11.1462724,47.5550931,BY
BY_1132713500030,Karstquelle Ettling,DEGB_DEBY_1_G052,Malm - Kelheim,0,11.6587947,48.8192476,BY
BY_1132723000066,Brünseequelle,DEGB_DEBY_1_G030,Nördlinger Ries - Harburg (Schwaben),0,10.7142128,48.7705782,BY
BY_1132743200079,Dümpfelbachquelle,DEGB_DEBY_1_G050,Vorlandmolasse - Aichach,0,11.0540999,48.5066944,BY
BY_4110562800012,Bad Königshofen-Gr.Nord Irmelshausen Br.2,DEGB_DEBY_2_G073_TH,Unterkeuper - Saal a.d.Saale,16,10.4636397,50.3628169,BY
BY_4110563700032,TB II Kupferbach,DEGB_DEBY_5_G007_SNTH,Paläozoikum - Hof,15,11.8879736,50.3966476,BY
BY_4110582500016,Fuchsstadt Br.2,DEGB_DEBY_2_G068,Buntsandstein - Bad Kissingen,21.3,9.9176425,50.1223573,BY
BY_4110582700005,Rannungen Br.2,DEGB_DEBY_2_G055,Muschelkalk - Arnstein,40,10.2006649,50.1563819,BY
BY_4110582900010,Hofheim Br.3,DEGB_DEBY_2_G047,Unterkeuper - Hofheim i.Ufr.,12,10.5131347,50.1363837,BY
BY_4110583100012,Staffelstein Rothhof FB 3 BMS,DEGB_DEBY_2_G037,Quartär - Hallstadt,4,10.9949958,50.1142938,BY
BY_4110583500003,Brunnen II Maintal,DEGB_DEBY_2_G030,Bruchschollenland - Bayreuth,14,11.5056406,50.1120145,BY
BY_4110583500011,Marktleugast Brunnen I,DEGB_DEBY_2_G032,Kristallin - Gefrees,10.5,11.6533459,50.165915,BY
BY_4110592000052,Brunnen 4 Alzenau-Wasserlos,DEGB_DEBY_2_G066,Quartär - Alzenau,9.2,9.0504963,50.0657114,BY
BY_4110592400004,Brückleinsbrunnen Seifriedsburg,DEGB_DEBY_2_G068,Buntsandstein - Bad Kissingen,10.4,9.7543258,50.0733032,BY
BY_4110592700159,Sennfeld Brunnen 4,DEGB_DEBY_2_G048,Unterkeuper - Mainbernheim,17,10.2659646,50.0343781,BY
BY_4110602000017,Brunnen 9 Niedernberg,DEGB_DEBY_2_G062_HE,Quartär - Aschaffenburg,17,9.1176101,49.9304436,BY
BY_4110603000004,Zeil-Ebelsbach-Gr. Ebelsbach Br.3,DEGB_DEBY_2_G050,Quartär - Eltmann,4.2,10.6813089,49.9761133,BY
BY_4110603400003,Brunnen II (Mistelgau),DEGB_DEBY_2_G020,Feuerletten/Albvorland - Glashütten,65,11.4560236,49.9128241,BY
BY_4110613700008,"WV Kastl, Brunnen II",DEGB_DEBY_1_G066,Bruchschollenland - Neustadt am Kulm,22,11.8952201,49.8381741,BY
BY_4110622600018,Brunnen K5 Kitzingen,DEGB_DEBY_2_G056,Muschelkalk - Würzburg,42,10.1390924,49.7208595,BY
BY_4110623000009,Brunnen  IX  Höchstadt,DEGB_DEBY_2_G027,Sandsteinkeuper - Höchstadt a.d.Aisch,7,10.7877045,49.7021398,BY
BY_4110632100034,Brunnen I Schneeberg,DEGB_DEBY_2_G061_HE,Buntsandstein - Amorbach,12.5,9.2458273,49.6265919,BY
BY_4110632600034,Bohrbrunnen II Schwalbengraben,DEGB_DEBY_2_G056,Muschelkalk - Würzburg,33,10.107708,49.6637211,BY
BY_4110633500012,Brunnen II Döttenreuth,DEGB_DEBY_1_G076,Malm - Vilseck,50,11.6368528,49.6243684,BY
BY_4110633900002,WV Vohenstrauß Br.VI,DEGB_DEBY_1_G073,Kristallin - Schönsee,16,12.3144455,49.622593,BY
BY_4110642900028,"Neustadt/Aisch - Nord, Tiefbrunnen 6",DEGB_DEBY_2_G025,Gipskeuper - Bad Windsheim,26,10.6062314,49.5869018,BY
BY_4110643300029,PETTENSIEDEL TB 2,DEGB_DEBY_2_G015,Feuerletten/Albvorland - Eckental,110,11.2082617,49.5955236,BY
BY_4110652700001,"Burgbernheim, Erlbachbrunnen B",DEGB_DEBY_2_G025,Gipskeuper - Bad Windsheim,12,10.3079839,49.4694437,BY
BY_4110663800079,"Fensterbach-Schmidgaden, Br III",DEGB_DEBY_1_G070,Bodenwöhrer Bucht - Schwandorf,27,12.0578665,49.3979658,BY
BY_4110664200001,Tiefbrunnen I,DEGB_DEBY_1_G073,Kristallin - Schönsee,27,12.7082458,49.3924205,BY
BY_4110673100012,Brunnen 1 EG III Reckenberg,DEGB_DEBY_2_G007,Sandsteinkeuper - Heilsbronn,10,10.894558,49.2110875,BY
BY_4110673600005,Brunnen III Kühnhausen,DEGB_DEBY_1_G061,Malm - Dietfurt a.d.Altmühl,46,11.7772,49.2019668,BY
BY_4110673700004,Brunnen I Vils-Naab-Gruppe,DEGB_DEBY_1_G078,Malm - Hohenfels,17,11.9363522,49.2330206,BY
BY_4110682800007,Haslach Bohrbrunnen 6,DEGB_DEBY_1_G032,Sandsteinkeuper - Dinkelsbühl,18,10.4287258,49.1043424,BY
BY_4110693500005,Brunnen III Parleithen,DEGB_DEBY_1_G061,Malm - Dietfurt a.d.Altmühl,22,11.6191087,49.0563178,BY
BY_4110703800024,"Brunnen II, Obertraubling",DEGB_DEBY_1_G085,Vorlandmolasse - Thalmassing,48.8,12.1499912,48.9683395,BY
BY_4110704000002,"Brunnen I, Wörth an der Donau",DEGB_DEBY_1_G083,Quartär - Regensburg,4,12.3715964,48.9914333,BY
BY_4110714000004,Br 2-Greißing,DEGB_DEBY_1_G091,Vorlandmolasse - Mallersdorf-Pfaffenberg,20,12.3743547,48.8342957,BY
BY_4110723900003,Br 1-Ettersdorf,DEGB_DEBY_1_G091,Vorlandmolasse - Mallersdorf-Pfaffenberg,36.5,12.2668746,48.7687711,BY
BY_4110724300001,BRUNNEN II,DEGB_DEBY_1_G086,Quartär - Straubing,8.5,12.8322402,48.7817934,BY
BY_4110724300018,HORIZONTALFILTERBRUNNEN H1,DEGB_DEBY_1_G119,Quartär - Osterhofen,9,12.937358,48.7694394,BY
BY_4110724600001,Brunnen I Rappenhof,DEGB_DEBY_1_G163,Kristallin - Grafenau,9,13.4199049,48.7383867,BY
BY_4110733800002,BRUNNEN II  Hohenthann,DEGB_DEBY_1_G092,Vorlandmolasse - Rottenburg a.d.Laaber,35,12.0801533,48.6573845,BY
BY_4110734600004,"Brunnen 1, WBV Büchlberg Gummering",DEGB_DEBY_1_G163,Kristallin - Grafenau,6,13.486198,48.6493308,BY
BY_4110742900002,BRUNNEN II WEISINGEN,DEGB_DEBY_1_G020,Quartär - Dillingen,2.6,10.5032593,48.515159,BY
BY_4110743200004,"_Inchenhofen, BRUNNEN 1 (stillgelegt)",DEGB_DEBY_1_G050,Vorlandmolasse - Aichach,24.2,11.1063978,48.5110511,BY
BY_4110743400004,"Pfaffenhofen, B2",DEGB_DEBY_1_G055,Vorlandmolasse - Scheyern,34,11.479597,48.533793,BY
BY_4110743600002,ZVzWV HALLERTAUER GRUPPE Br. 2,DEGB_DEBY_1_G053,Vorlandmolasse - Wolnzach,13,11.7339156,48.5699037,BY
BY_4110744100004,BRUNNEN IV HACKENBERG,DEGB_DEBY_1_G124,Vorlandmolasse - Arnstorf,44.8,12.6266604,48.5101418,BY
BY_4110744300006,BRUNNEN II FABACH,DEGB_DEBY_1_G124,Vorlandmolasse - Arnstorf,22,12.9711514,48.5389312,BY
BY_4110762600010,BRUNNEN III SENDEN,DEGB_DEBY_1_G005,Quartär - Illertissen,4,10.0536401,48.3105852,BY
BY_4110763200002,"Adelburggruppe, BRUNNEN 1",DEGB_DEBY_1_G050,Vorlandmolasse - Aichach,37,11.0937305,48.349141,BY
BY_4110763500002,"Neufahrn, ZVzWV FREISING SÜD, Tiefbrunnen III",DEGB_DEBY_1_G099,Quartär - Freising,38.5,11.6633482,48.2993031,BY
BY_4110763600001,STW FREISING FBr. 2,DEGB_DEBY_1_G099,Quartär - Freising,4,11.7206142,48.3840087,BY
BY_4110764100009,BRUNNEN V Neumarkt St. Veit,DEGB_DEBY_1_G129,Vorlandmolasse - Bodenkirchen,52.6,12.5048941,48.37394,BY
BY_4110764500024,BRUNNEN IV POCKING,DEGB_DEBY_1_G126,Quartär - Pocking,6.4,13.2976573,48.3928522,BY
BY_4110764500027,Brunnen III Rotthalmünster,DEGB_DEBY_1_G157,Vorlandmolasse - Ering,15,13.1929497,48.3633844,BY
BY_4110772900003,BRUNNEN UTTENHOFEN,DEGB_DEBY_1_G027,Vorlandmolasse - Dinkelscherben,54,10.5581131,48.2990302,BY
BY_4110773200028,GDE. MAMMENDORF TBr. 3,DEGB_DEBY_1_G109,Quartär - Dachau,10,11.155336,48.2026703,BY
BY_4110773700025,WV ERDING Br. 2,DEGB_DEBY_1_G102,Moränenland - Wörth,27,11.8687274,48.2744764,BY
BY_4110773800020,WBV GATTERBERG Br. 2,DEGB_DEBY_1_G143,Moränenland - Haag i.OB,20,12.1473008,48.2333304,BY
BY_4110774100036,BRUNNEN III Polling/ Stieglholzen,DEGB_DEBY_1_G142,Quartär - Altötting,18,12.5620843,48.2056287,BY
BY_4110774300001,BRUNNEN MANNERSDORF,DEGB_DEBY_1_G155,Vorlandmolasse - Zeilarn,22,12.8829013,48.2758014,BY
BY_4110784200027,"Hitzler, Horizontalbrunnen  II",DEGB_DEBY_1_G161,Moränenland - Taching a.See,3,12.7958626,48.1468521,BY
BY_4110792700013,Tiefbrunnen 2 Holzgünz,DEGB_DEBY_1_G012,Vorlandmolasse - Roggenburg,97,10.2276028,48.0308681,BY
BY_4110794000022,"Schnaitsee, Br.III",DEGB_DEBY_1_G146,Moränenland - Amerang,6.5,12.3625147,48.051934,BY
BY_4110803300009,Br.1 Wieling (FEL001),DEGB_DEBY_1_G113,Moränenland - Starnberg,2,11.2665701,47.9604925,BY
BY_4110804200004,"Tengling, Br.III",DEGB_DEBY_1_G161,Moränenland - Taching a.See,15,12.7226487,47.9953907,BY
BY_4110812900015,"Brunnen 5, Pumpwerk 2 Ebenhofen, WV Kaufbeuren",DEGB_DEBY_1_G038,Quartär - Kaufbeuren,12.1,10.615656,47.8090402,BY
BY_4110813000027,Brunnen 3 ZV Gennach-Huehnerbach,DEGB_DEBY_1_G034,Moränenland - Bidingen,21,10.6929646,47.8939504,BY
BY_4110813600001,BR. 1 Heiligenholz,DEGB_DEBY_1_G138,Moränenland - Holzkirchen,74,11.6862948,47.8716946,BY
BY_4110814300009,"F II, Br.",DEGB_DEBY_1_G162,Moränenland - Teisendorf,10.8,12.8933359,47.8544531,BY
BY_4110822900002,"Brunnen 1 Bertoldshofen, Marktoberdorf",DEGB_DEBY_1_G034,Moränenland - Bidingen,15.5,10.6545373,47.7776135,BY
BY_4110823400032,Br.1 Penzberg,DEGB_DEBY_1_G096,Quartär - Penzberg,5,11.3561284,47.7254709,BY
BY_4110823500029,Br.1 Gaißach,DEGB_DEBY_1_G097,Quartär - Bad Tölz,29,11.5745158,47.7082659,BY
BY_4110832700026,"Brunnen 3 Kuhnen, Waltenhofen",DEGB_DEBY_1_G002,Faltenmolasse - Immenstadt i.Allgäu,11,10.3012018,47.6644064,BY
BY_4120553400006,"Teuschnitz, Quellen I-VII",DEGB_DEBY_2_G042_TH,Paläozoikum - Teuschnitz,0,11.3913884,50.4063387,BY
BY_4120563500022,Neumühle Q,DEGB_DEBY_2_G042_TH,Paläozoikum - Teuschnitz,0,11.5148068,50.3599014,BY
BY_4120572400022,Oberleichtersbach-Unterleicht. Aspenmühlquelle,DEGB_DEBY_2_G069_HETH,Buntsandstein - Bad Brückenau,0,9.8200683,50.2607509,BY
BY_4120593200052,ELLERNBACH Q BMS ROSSDACH,DEGB_DEBY_2_G038,Malm - Weismain,0,11.0928509,50.0239255,BY
BY_4120602600009,Ochsenwasenquelle Arnstein,DEGB_DEBY_2_G046,Unterkeuper - Schweinfurt,0,10.0330703,49.9786847,BY
BY_4120612600015,Quelle 2 am Bibergauerweg Bibergau,DEGB_DEBY_2_G046,Unterkeuper - Schweinfurt,0,10.1273018,49.80163,BY
BY_4120622300012,Bugquelle Homburg,DEGB_DEBY_2_G064,Muschelkalk - Birkenfeld,0,9.6295055,49.7940423,BY
BY_4120623100023,"ECKENBRUNNEN Q, Hallerndorf/Schnaid",DEGB_DEBY_2_G029,Feuerletten/Albvorland - Hallerndorf,0,10.9626726,49.7614636,BY
BY_4120632700022,Schichtquelle I Possenheim,DEGB_DEBY_2_G048,Unterkeuper - Mainbernheim,0,10.3131013,49.6857151,BY
BY_4120643100097,Kuehberg-Q. *** Tuchenbach,DEGB_DEBY_2_G018,Sandsteinkeuper - Herzogenaurach,0,10.8557682,49.5159922,BY
BY_4120652900018,"Oberfeldbrecht, Quellfassung I",DEGB_DEBY_2_G018,Sandsteinkeuper - Herzogenaurach,0,10.6435746,49.4325909,BY
BY_4120662900011,StAN Ansbach Quelle Steinersdorf,DEGB_DEBY_2_G005,Gipskeuper - Ansbach,0,10.5198762,49.3188675,BY
BY_4120663500019,Quelle 1 Schlögelsmühle/Hallerbrunnen,DEGB_DEBY_1_G077,Malm - Amberg,0,11.6351805,49.3731297,BY
BY_4120672800043,"AN 166 Sandbrunnen (Waldquelle) Heuberg, Herrieden",DEGB_DEBY_1_G064,Sandsteinkeuper - Gunzenhausen,0,10.4680603,49.2052424,BY
BY_4120673500011,Quelle 1 Deusmauer,DEGB_DEBY_1_G061,Malm - Dietfurt a.d.Altmühl,0,11.6333407,49.2574206,BY
BY_4120674100018,Quelle 2,DEGB_DEBY_1_G079,Bodenwöhrer Bucht - Bodenwöhr,0,12.5367693,49.213656,BY
BY_4120682700011,AN 145 Kühnhardt Quelle 1,DEGB_DEBY_1_G029,Gipskeuper - Feuchtwangen,0,10.2445274,49.1540784,BY
BY_4120683400024,Quelle 1 Burggriesbach,DEGB_DEBY_1_G061,Malm - Dietfurt a.d.Altmühl,0,11.3739694,49.1211423,BY
BY_4120693200014,WUG 151 Hirschbrunnenquelle,DEGB_DEBY_1_G059,Malm - Eichstätt,0,11.1144339,49.0451331,BY
BY_4120693900001,Quelle 1,DEGB_DEBY_1_G080,Kristallin - Cham,0,12.2474656,49.0949128,BY
BY_4120713500007,Lepsinger Quelle,DEGB_DEBY_1_G047,Malm - Gaimersheim,0,11.5041372,48.8171215,BY
BY_4120714000018,Qu. 2 - Sallach,DEGB_DEBY_1_G091,Vorlandmolasse - Mallersdorf-Pfaffenberg,0,12.3489174,48.8059599,BY
BY_4120744500020,Quelle I Hinterhainb.,DEGB_DEBY_1_G125,Vorlandmolasse - Ortenburg,0,13.2572221,48.545358,BY
BY_4120754000009,QUELLE I EGGENPOINT,DEGB_DEBY_1_G130,Vorlandmolasse - Massing,0,12.4475476,48.4786644,BY
BY_4120754400014,QUELLE BEI OBERBIRNBACH,DEGB_DEBY_1_G128,Vorlandmolasse - Pfarrkirchen,0,13.0891677,48.4771239,BY
BY_4120764300007,QUELLE ROGGLFING,DEGB_DEBY_1_G128,Vorlandmolasse - Pfarrkirchen,0,12.8476488,48.3452332,BY
BY_4120774300008,QUELLE BEI STÖLLN,DEGB_DEBY_1_G156,Quartär - Bad Füssing,0,12.9727685,48.2456321,BY
BY_4120793100041,Qu.3 Kaufering (aufgel),DEGB_DEBY_1_G040,Quartär - Landsberg,0,10.8778463,48.0825257,BY
BY_4120812800138,Kalkofenquelle Ottobeuren - Ollarzried,DEGB_DEBY_1_G011,Moränenland - Obergünzburg,0,10.3682463,47.898699,BY
BY_4120814000030,QUELLE HITTENKIRCHEN +++,DEGB_DEBY_1_G154,Moränenland - Seeon-Seebruck,0,12.3493028,47.8296246,BY
BY_4120832800006,Qu Reichenbach Feriensiedlung,DEGB_DEBY_1_G036,Faltenmolasse - Seeg,0,10.4846313,47.631208,BY
BY_4120833000015,Lory-Quelle,DEGB_DEBY_1_G042,Quartär - Schongau,0,10.7970594,47.6703307,BY
BY_4120842500023,"Schweinberger Quelle, WV Weiler-Simmerberg",DEGB_DEBY_2_G003,Moränenland - Weiler-Simmerberg,0,9.9393687,47.5921501,BY
BY_4120852600001,"Doserquelle, WV Balderschwang",DEGB_DEBY_2_G002,Faltenmolasse - Oberstaufen,0,10.0647998,47.4636942,BY
HB_FLB 123,FLB 123,DEGB_DENI_4_2501,Untere Weser Lockergestein rechts,17,8.5099228,53.2143974,HB
HB_FLB 433 D,FLB 433 D,DEGB_DENI_4_2509,Wümme Lockergestein links,6,8.8891023,53.0777915,HB
HE_10169,"Br. I, Wachenbuchen",DEGB_DEHE_2470_3202,2470_3202,3,8.8687841,50.1668551,HE
HE_10236,LANGENSELBOLD,DEGB_DEHE_2470_10104_BY,2470_10104,3.2,9.0247071,50.1741634,HE
HE_10379,"Tbr. II, Oestrich, Hattenheim",DEGB_DEHE_2510_3105,2510_3105,11.8,8.0441914,50.0118223,HE
HE_12681,GRIESHEIM,DEGB_DEHE_2396_3101,2396_3101,18.2,8.5517339,49.8402043,HE
HE_12759,BÜTTELBORN flach,DEGB_DEHE_2398_3101,2398_3101,5,8.508573,49.8877702,HE
HE_12840,Groß-Umstadt Tbr. II,DEGB_DEHE_2470_10102,2470_10102,55,8.9245793,49.8501983,HE
HE_13207,"Quelle """"Klein-Gumpen"""", Winterkasten, W",DEGB_DEHE_2470_10102,2470_10102,0,8.8032037,49.7064908,HE
HE_13496,NORDHEIM,DEGB_DEHE_2395_3101,2395_3101,5,8.3880102,49.6715055,HE
HE_14160,VIERNHEIM,DEGB_DEHE_2394_3101,2394_3101,7,8.5984739,49.5673204,HE
HE_16441,OSSENHEIM,DEGB_DEHE_2480_3202,2480_3202,11,8.8052722,50.3244612,HE
HE_5283,Tbr. I Dörnberg,DEGB_DEHE_4_2602,4400_5112,8.6,9.3472665,51.3446868,HE
HE_5455,Qu. 2 Vöhl Nr.13,DEGB_DEHE_4_1030,4285_5202,0,8.9515716,51.2125234,HE
HE_5545,Qu. Glisborn,DEGB_DEHE_4_1039,4289_3301,0,9.3831577,51.1997691,HE
HE_5835,Br. II Anraff (Sölzer Wiese),DEGB_DEHE_4_1030,4285_5202,2,9.1427045,51.1555921,HE
HE_5987,WEISSENBORN,DEGB_DETH_4_0021,Buntsandsteinbergland - Werra,35.5,10.1366132,51.1283528,HE
HE_6063,"Geismar, Hüstengrund Br. 1 alt",DEGB_DEHE_4_1028,4283_8101,5.6,8.854437,51.0866195,HE
HE_6216,"Medengrund, Cornberg",DEGB_DEHE_4_0022,4180_5402,0,9.7992126,51.0633704,HE
HE_6393,Qu. Hergetsfeld,DEGB_DEHE_4_1036,4288_5201,0,9.4490591,50.9291487,HE
HE_6516,Tbr. Gilfershausen,DEGB_DEHE_4_1023,4270_5402,20.2,9.8308571,50.9823377,HE
HE_6795,WILLINGSHAUSEN,DEGB_DEHE_4_1034,4288_3301,56.5,9.1954855,50.853802,HE
HE_6845,HATTENBACH,DEGB_DEHE_4_1018,4250_5201,5,9.5659723,50.8171736,HE
HE_7046,St. Grube Castor,DEGB_DEHE_2584_03,2584.1_8109,0,8.3956636,50.7234081,HE
HE_7248,Qu. Steinbach im Grund,DEGB_DEHE_4_1045,4260_5201.1,0,9.7288217,50.7226892,HE
HE_7441,"Quellschacht 3, Am Kellerborn",DEGB_DEHE_2580_04,2583_3302,0,8.8172342,50.6918377,HE
HE_7461,LUMDA,DEGB_DEHE_2580_04,2583_3302,28.5,8.9411289,50.6394671,HE
HE_7547,WALLENROD,DEGB_DEHE_4_1035,4288_3302,0,9.3195488,50.6590883,HE
HE_7595,Tbr. Pfordt,DEGB_DEHE_4_1015,4230_5201,42,9.5885063,50.6568704,HE
HE_7678,FUSSINGEN,DEGB_DEHE_2580_09,2587_8110,13,8.1127848,50.5166345,HE
HE_7923,Br. Hattenrod,DEGB_DEHE_2480_3302,2480_3302,37,8.8447884,50.5753735,HE
HE_8355,"Br. I, Gambach, Ober-Hörgern",DEGB_DEHE_2480_3302,2480_3302,8.5,8.7424856,50.4630015,HE
HE_8583,"Br. Lütter-Halsb., WW Halsbach",DEGB_DEHE_4_1007,4210_5201,12,9.7789637,50.4924981,HE
HE_8849,Br. Glauberg,DEGB_DEHE_2480_10104,2480_10104,12.2,8.9964201,50.3171082,HE
HE_8988,ELM,DEGB_DEHE_2470_5201,2470_5201,49,9.5564768,50.3637821,HE
HE_9098,"Tbr. II Lohmühle, Idstein",DEGB_DEHE_2580_14,2587_8102,13.5,8.2845387,50.2161064,HE
HE_9771,Ochsenwiese,DEGB_DEHE_2480_8102,2480_8102,0,8.4967397,50.1488481,HE
HH_1947,,DEGB_DENI_NI11_3,Este-Seeve Lockergestein,10.2,9.802104,53.513866,HH
HH_5346,,DEGB_DESH_EL13,Krückau - Altmoränengeest Nord,12.1,10.0865584,53.691959,HH
HH_5947,,DEGB_DEHH_EL12,Bille - Marsch/Niederung Geesthacht,7.2,10.1878223,53.4372988,HH
MV_14440003,Hiddensee OP,DEGB_DEMV_WP_KO_11_16,Hiddensee,4,13.1369927,54.5998344,MV
MV_16430101,Pantelitz,DEGB_DEMV_WP_KO_4_16,Stralsund,25,12.9476807,54.3038259,MV
MV_17410005,Behrenshagen,DEGB_DEMV_WP_KO_15_16,Recknitz Unterlauf,21,12.5215658,54.255966,MV
MV_17450016,Brandshagen,DEGB_DEMV_WP_KO_4_16,Stralsund,21,13.169885,54.2430149,MV
MV_18370010,Brodhagen,DEGB_DEMV_WP_KW_6_16,Hellbach Ost,20,11.8704478,54.1002034,MV
MV_19340002,Insel Poel,DEGB_DEMV_WP_KW_5_16,Poel,22.8,11.4062473,54.0019731,MV
MV_19370002,Bölkow OP,DEGB_DEMV_WP_WA_8_16,Seebach/Tessnitz-Waidbach,29,11.9949684,53.9984291,MV
MV_19390017,Dummerstorf,DEGB_DEMV_WP_WA_9_16,Warnow,15,12.2418347,54.0161302,MV
MV_19410002,Thelkow Deponie,DEGB_DEMV_WP_KO_1_16,Recknitz,33,12.5594697,54.0404612,MV
MV_19480018,Karrin,DEGB_DEMV_WP_KO_5_16,Ryck/Ziese,14.7,13.7665738,54.0905614,MV
MV_20410010,Lühburg,DEGB_DEMV_WP_PT_4_16,Warbel,17,12.5843318,53.9848456,MV
MV_20450036,Bentzin-Ortsrand,DEGB_DEMV_WP_PT_6_16,Peene,35.7,13.2894236,53.9361147,MV
MV_21420002,Lelkendorf OP,DEGB_DEMV_WP_PT_2_16,Teterower See,18.5,12.756638,53.8386448,MV
MV_21460011,Krien,DEGB_DEMV_WP_PT_6_16,Peene,27.1,13.4328371,53.8320363,MV
MV_22350025,Ventschow,DEGB_DEMV_WP_WA_3_16,Radebach,14,11.5583844,53.7890869,MV
MV_22370010,Warnow OP,DEGB_DEMV_WP_WA_4_16,Mittlere Warnow,5.9,11.9138079,53.7868198,MV
MV_22410008,Basedow OP,DEGB_DEMV_WP_PT_1_16,Ostpeene,46,12.6104889,53.7033989,MV
MV_22440001,Kriesow,DEGB_DEMV_WP_PT_3_16,Mittlere Peene,44.5,13.0484067,53.7276978,MV
MV_22500007,Liepgarten,DEGB_DEBB_ODR_OF_2,Uecker,4.7,14.0153017,53.7095767,MV
MV_23400716,Liepen P12,DEGB_DEMV_WP_WA_10_16,Nebel Oberlauf,10,12.4306534,53.6316301,MV
MV_23400729,Bäbelin P21,DEGB_DEMV_WP_WA_10_16,Nebel Oberlauf,6,12.3717492,53.6345404,MV
MV_23471014,Friedland OP,DEGB_DEMV_ODR_OF_1_16,Datze/Zarow,8.4,13.5842613,53.6811042,MV
MV_24320012,Karft OP,DEGB_DEMV_MEL_SU_2_16,Schaale,15,11.0483889,53.5362037,MV
MV_24360009,Friedrichsruhe OP,DEGB_DEMV_MEL_EO_1_16,Elde Unterlauf,11,11.7393831,53.5086028,MV
MV_24410022,Jabel-Nordost Wa8/76,DEGB_DEMV_MEL_EO_4_16,EldeOberlauf,16.4,12.5653362,53.5468571,MV
MV_24411027,Sandkrug,DEGB_DEMV_MEL_EO_4_16,EldeOberlauf,14,12.5991919,53.5450784,MV
MV_24420010,Falkenhäger Bruch OP,DEGB_DEMV_WP_PT_1_16,Ostpeene,56,12.7146358,53.5574917,MV
MV_24430103,Kraase OP,DEGB_DEMV_WP_PT_1_16,Ostpeene,35,12.9029299,53.547592,MV
MV_24480016,Georgenthal,DEGB_DEMV_ODR_OF_1_16,Datze/Zarow,13.3,13.7205488,53.5791459,MV
MV_25290005,Zweedorf,DEGB_DESH_EL19,Elbe-Lübeck Kanal - Geest,5.8,10.6569297,53.440899,MV
MV_25350008,Dütschow OP,DEGB_DEMV_MEL_EO_1_16,Elde Unterlauf,16,11.6440034,53.4220268,MV
MV_25360014,Möderitz,DEGB_DEMV_MEL_EO_1_16,Elde Unterlauf,6,11.7923154,53.4521405,MV
MV_25370032,Greven OP,DEGB_DEMV_MEL_EO_12_16,Mittelelde,5.5,11.9827351,53.4844515,MV
MV_25470003,Helpter Heide,DEGB_DEBB_ODR_OF_2,Uecker,63,13.5985532,53.4861857,MV
MV_25510102,Bergholz OP,DEGB_DEMV_ODR_OF_16_16,Randow/Linken,57,14.173188,53.4364041,MV
MV_26321016,Quassel OP,DEGB_DEMV_MEL_SU_3_16,Sude,5.5,11.0676179,53.3355681,MV
MV_26360027,Stolpe,DEGB_DEMV_MEL_EO_1_16,Elde Unterlauf,19.5,11.7472777,53.361765,MV
MV_26360028,Karrenzin,DEGB_DEBB_MEL_SL_1,Stepenitz / Loecknitz,5,11.8222026,53.3367617,MV
MV_26370004,Leppin OP,DEGB_DEBB_MEL_SL_1,Stepenitz / Loecknitz,30,11.8958128,53.3077392,MV
MV_26370007,Suckow/Parchim,DEGB_DEMV_MEL_EO_12_16,Mittelelde,6.2,11.9616098,53.3072315,MV
MV_26400016,Bütow OP,DEGB_DEMV_MEL_EO_4_16,EldeOberlauf,18,12.4926931,53.3392847,MV
MV_26510010,Hohenholz OP,DEGB_DEMV_ODR_OF_16_16,Randow/Linken,13.2,14.3150911,53.3477624,MV
MV_26520101,Pomellen,DEGB_DEBB_ODR_OD_1-1,Alte Oder 1,38,14.3660318,53.3466955,MV
MV_27320021,Briest,DEGB_DEMV_MEL_SU_4_16,Rögnitz/Amt Neuhaus,3,11.0855597,53.2342366,MV
MV_27330022,Grebs OP,DEGB_DEMV_MEL_SU_4_16,Rögnitz/Amt Neuhaus,8,11.3004964,53.2353993,MV
NI_100000481,Heißum I,DEGB_DENI_4_2003,Innerste mesozoisches Festgestein rechts,8,10.4076744,51.9892088,NI
NI_100000605,Reinshof-Nord,DEGB_DENI_4_2013,Leine mesozoisches Festgestein rechts 1,2.1,9.9352476,51.4923066,NI
NI_100000636,Emmen I,DEGB_DENI_4_2103,Ise Lockergestein rechts,9.3,10.6228076,52.7052441,NI
NI_100000742,Brome I,DEGB_DEST_OT-1,Ohre-Urstromtal (Obere Ohre),12.2,10.9112994,52.5920275,NI
NI_100000816,Neubrück I,DEGB_DENI_4_2111,Oker Lockergestein links,4,10.4008471,52.3602514,NI
NI_100000836,Wendhausen,DEGB_DENI_4_2107,Oker mesozoisches Festgestein rechts,12,10.6514343,52.3296832,NI
NI_100000840,Ehmen I,DEGB_DENI_4_2106,Obere Aller mesozoisches Festgestein links,3.5,10.685076,52.3872835,NI
NI_100000856,Bahrdorf I,DEGB_DENI_4_2106,Obere Aller mesozoisches Festgestein links,9,10.9831608,52.3867269,NI
NI_100000886,Timmerlah I,DEGB_DENI_4_2114,Fuhse mesozoisches Festgestein rechts,14,10.4398179,52.2381798,NI
NI_100000890,Mariental I,DEGB_DENI_4_2107,Oker mesozoisches Festgestein rechts,3.5,10.9814089,52.277073,NI
NI_100000908,Watenstedt I,DEGB_DENI_4_2114,Fuhse mesozoisches Festgestein rechts,14.5,10.4338831,52.1639953,NI
NI_100000922,Hoiersdorf,DEGB_DEST_SAL-GW-066,Triaslandschaft Börde,3.2,10.9715105,52.1097669,NI
NI_100000938,Hornburg-BDF,DEGB_DENI_4_2107,Oker mesozoisches Festgestein rechts,7.5,10.6350734,52.0242261,NI
NI_100000948,Oldershausen,DEGB_DENI_4_2007,Leine mesozoisches Festgestein rechts 2,8.2,10.1045383,51.7965165,NI
NI_119700002,Ölmühle_BR II,DEGB_DENI_4_2014,Leine mesozoisches Festgestein links 1,24,9.8431522,51.8288852,NI
NI_127800015,Puritzmuehle_3,DEGB_DENI_4_2107,Oker mesozoisches Festgestein rechts,9,10.7957652,52.2923623,NI
NI_13610470,Ahausen Peilbrunnen 47,DEGB_DENI_36_01,Hase links Lockergestein,22,7.8844732,52.5535788,NI
NI_200000590,Wienbergen,DEGB_DENI_4_2414,Mittlere Weser Lockergestein links 3,28,9.1670989,52.8470453,NI
NI_200000636,Bissenhausen,DEGB_DENI_4_2502,Hunte Lockergestein rechts,10,8.5772133,52.7765655,NI
NI_200000876,St. Hülfe I,DEGB_DENI_4_2502,Hunte Lockergestein rechts,14,8.393123,52.6290953,NI
NI_200000964,Bühren I,DEGB_DENI_4_2414,Mittlere Weser Lockergestein links 3,2.7,9.1561356,52.6295871,NI
NI_200001382,Bröken,DEGB_DENI_4_2502,Hunte Lockergestein rechts,15.8,8.4428027,52.4610026,NI
NI_200001392,Nordel I,DEGB_DENI_4_2412,Große Aue Lockergestein rechts,6,8.7171686,52.4517025,NI
NI_200001410,Kleinenheerse,DEGB_DENI_4_2411,Mittlere Weser Lockergestein links 2,11,8.9605631,52.4428716,NI
NI_200001723,Gadesbünden,DEGB_DENI_4_2203,Untere Aller Lockergestein links,14,9.263327,52.7195523,NI
NI_200001725,Ströhen,DEGB_DENI_4_2413,Große Aue Lockergestein links,10,8.6929156,52.5482173,NI
NI_200001731,Süstedt,DEGB_DENI_4_2414,Mittlere Weser Lockergestein links 3,19,8.9106874,52.8475268,NI
NI_200002154,Barver II,DEGB_DENI_4_2502,Hunte Lockergestein rechts,20,8.6118244,52.6234785,NI
NI_2412220,Peheim,DEGB_DENI_38_01,Leda-Jümme Lockergestein links,8.5,7.8158463,52.8817648,NI
NI_40000075,Büren I,DEGB_DENI_4_2203,Untere Aller Lockergestein links,26,9.493076,52.5996704,NI
NI_40000231,Fuhrberg-Süd,DEGB_DENI_4_2116,Wietze/Fuhse Lockergestein,3,9.8483982,52.5490064,NI
NI_40000277,Altenhagen I,DEGB_DENI_4_2403,Mittlere Weser Lockergestein rechts,13,9.3442878,52.4349375,NI
NI_40000285,Vinnhorst I,DEGB_DENI_4_2001,Leine Lockergestein rechts,4.1,9.7042,52.4284483,NI
NI_40000359,Bakede I,DEGB_DENI_4_2015,Leine mesozoisches Festgestein links 2,6.6,9.370322,52.2091356,NI
NI_40000365,Pattensen (H),DEGB_DENI_4_2016,Leine Lockergestein links,6,9.7307837,52.2756755,NI
NI_40000437,Wegensen I,DEGB_DENI_4_2303,Vogler-Solling-Bramwald,3.9,9.5472078,52.0098799,NI
NI_40000953,Aher Kämpe,DEGB_DENI_4_2302,Oberweser-Hameln,11.1,9.1289069,52.1856396,NI
NI_40003417,Frielingen,DEGB_DENI_4_2001,Leine Lockergestein rechts,2.9,9.5378341,52.4525288,NI
NI_400080011,Bramel I,DEGB_DENI_4_2501,Untere Weser Lockergestein rechts,24,8.6865004,53.5503205,NI
NI_400080032,Zeven II,DEGB_DENI_NI11_7,Oste Lockergestein links,2,9.2861337,53.3152515,NI
NI_400080041,Driftsethe I,DEGB_DENI_4_2501,Untere Weser Lockergestein rechts,7,8.6013277,53.375251,NI
NI_400080051,Hepstedt I,DEGB_DENI_4_2508,Wümme Lockergestein rechts,17,9.0748845,53.2632771,NI
NI_400080091,Kirchwistedt I,DEGB_DENI_4_2501,Untere Weser Lockergestein rechts,18,8.8953275,53.4204541,NI
NI_400080111,Neuhaeuserfelde I,DEGB_DENI_NI11_7,Oste Lockergestein links,4,9.0228729,53.817837,NI
NI_400080131,Oersdorf I,DEGB_DENI_NI11_6,Oste Lockergestein rechts,7,9.3928688,53.4041809,NI
NI_400080141,Revenahe I,DEGB_DENI_NI11_6,Oste Lockergestein rechts,12,9.5229437,53.4090816,NI
NI_400080151,Sahlenburg I,DEGB_DENI_NI11_8,Land Hadeln Lockergestein,6,8.6218119,53.8675771,NI
NI_400080161,Schwinge I,DEGB_DENI_NI11_4,Lühe-Schwinge Lockergestein,16,9.3740625,53.5516073,NI
NI_40501081,Hasselberg I,DEGB_DENI_37_01,Mittlere Ems Lockergestein links,8.5,7.1879886,52.9406448,NI
NI_40502220,Lorup,DEGB_DENI_38_01,Leda-Jümme Lockergestein links,21.8,7.634219,52.9189863,NI
NI_40505301,Dalumer Moor I,DEGB_DENI_37_01,Mittlere Ems Lockergestein links,5.3,7.1537132,52.6086205,NI
NI_40507271,Echtelerfeld I,DEGB_DENI_928_26,Untere Vechte links,4.2,6.812831,52.5834031,NI
NI_40507391,Wilsum I,DEGB_DENI_928_26,Untere Vechte links,3.3,6.8070927,52.5377329,NI
NI_40507510,Hestrup,DEGB_DENI_928_24,Niederung der Vechte links,7.6,7.1243253,52.3793468,NI
NI_40507661,Wietmarschen-Lohne I,DEGB_DENI_928_23,Niederung der Vechte rechts,2.2,7.1937153,52.5107553,NI
NI_40507820,Gildehaus Süd,DEGB_DENW_928_06,Niederung der Dinkel,3.9,7.0793117,52.2569385,NI
NI_500000009,BDF 016/1 Soltau-Tetendorf,DEGB_DENI_4_2201,Böhme Lockergestein rechts,4,9.8340944,52.9733722,NI
NI_500000012,BDF 018/1 Fischerhude-Moorland,DEGB_DENI_4_2508,Wümme Lockergestein rechts,2.5,9.044906,53.1298727,NI
NI_500000015,BDF 029/1 Worpswede NSG,DEGB_DENI_4_2508,Wümme Lockergestein rechts,3,8.8776684,53.2365685,NI
NI_500000091,GUN 058/1 Höfer,DEGB_DENI_4_2102,Örtze Lockergestein links,4.8,10.2706898,52.6850103,NI
NI_500000098,GUN 097/1 Rahnhorst,DEGB_DENI_4_2201,Böhme Lockergestein rechts,17,9.358258,52.9888371,NI
NI_500000401,OE 169/1 Schmarbeck S,DEGB_DENI_4_2102,Örtze Lockergestein links,21,10.2124009,52.8935472,NI
NI_500000487,UWO 026/1 Jeersdorf N,DEGB_DENI_4_2508,Wümme Lockergestein rechts,6,9.4781664,53.1840803,NI
NI_500000526,UWO 051/1 Bothel,DEGB_DENI_4_2509,Wümme Lockergestein links,11,9.5191872,53.0693399,NI
NI_500000715,GUN 017 Fallingbostel,DEGB_DENI_4_2202,Böhme Lockergestein links,36,9.6838731,52.8561823,NI
NI_500000725,GUN 057 Feienberg,DEGB_DENI_4_2509,Wümme Lockergestein links,6,9.6549855,53.1913252,NI
NI_500000729,GUN 144 Platjenwerbe,DEGB_DENI_4_2501,Untere Weser Lockergestein rechts,43,8.6880782,53.190677,NI
NI_500002797,GUN 116 N Salzmoor,DEGB_DENI_4_2101,Örtze Lockergestein rechts,10,10.0040071,52.7986731,NI
NI_600040091,Boitze F1.1,DEGB_DENI_NI11_1,Ilmenau Lockergestein rechts,49,10.7354427,53.1488647,NI
NI_600040261,Dachtmissen NO G1,DEGB_DENI_NI11_2,Ilmenau Lockergestein links,32.5,10.3306147,53.25522,NI
NI_600040281,Dangenstorf G1,DEGB_DENI_NI10_1,Jeetzel Lockergestein rechts,11,11.2385764,52.9218401,NI
NI_600040341,Echem G1,DEGB_DENI_NI11_1,Ilmenau Lockergestein rechts,2.9,10.5052691,53.3337062,NI
NI_600040611,Holvede G1,DEGB_DENI_NI11_3,Este-Seeve Lockergestein,15.5,9.6381564,53.3699583,NI
NI_600040761,Königsmoor G1,DEGB_DENI_4_2509,Wümme Lockergestein links,3,9.6501432,53.2304742,NI
NI_600041051,Natendorf G1,DEGB_DENI_NI11_2,Ilmenau Lockergestein links,43,10.4817859,53.078529,NI
NI_600041351,Reinstorf (UE) G1,DEGB_DENI_NI11_2,Ilmenau Lockergestein links,10,10.6379378,52.8214563,NI
NI_600041571,Stütensen,DEGB_DENI_NI11_1,Ilmenau Lockergestein rechts,21,10.7862655,53.0049736,NI
NI_9610315,Golzwarderwurp I,DEGB_DENI_4_2506,Untere Weser Lockergestein links,14,8.445963,53.3452317,NI
NI_9610319,Süllwarden I,DEGB_DENI_4_2506,Untere Weser Lockergestein links,13,8.3083181,53.5688609,NI
NI_9610399,Großenkneten I,DEGB_DENI_4_2505,Hunte Lockergestein links,14,8.2676051,52.9550684,NI
NI_9610751,Ganderkesee I,DEGB_DENI_4_2510,Ochtum Lockergestein,17,8.5736751,53.032875,NI
NI_9610757,Krögerdorf II,DEGB_DENI_4_2502,Hunte Lockergestein rechts,10.7,8.5390432,53.1313205,NI
NI_9611171,Breddewarden I,DEGB_DENI_4_2507,Jade Lockergestein links,3,8.0590799,53.5844227,NI
NI_9611187,Rastederberg I,DEGB_DENI_4_2507,Jade Lockergestein links,5.1,8.1758919,53.3143814,NI
NI_9611197,Rastedermoor,DEGB_DENI_4_2507,Jade Lockergestein links,7,8.2337924,53.2716987,NI
NI_9700028,Bösel I,DEGB_DENI_38_02,Leda-Jümme Lockergestein rechts,2.6,7.9548655,52.9913304,NI
NI_9700043,Calveslage I,DEGB_DENI_36_05,Hase Lockergestein rechts,5.7,8.2644609,52.7581491,NI
NI_9700119,Hilter,DEGB_DENW_3_06,Niederung der Oberen Ems (Sassenberg/Versmold),5,8.1183224,52.135333,NI
NI_9700155,Küingdorf-BDF,DEGB_DENW_4_2317,Suedliche Herforder Mulde,15,8.338237,52.1427895,NI
NI_9700159,Langwege,DEGB_DENI_36_05,Hase Lockergestein rechts,3.1,8.1144688,52.6198425,NI
NI_9700211,Rabber,DEGB_DENI_4_2502,Hunte Lockergestein rechts,6.2,8.4154341,52.3140774,NI
NI_9700223,Scharrelerdamm,DEGB_DENI_38_01,Leda-Jümme Lockergestein links,10.9,7.7708821,53.0755585,NI
NI_9700232,Schwege,DEGB_DENW_3_05,Niederung der Oberen Ems (Greven/Ladbergen),5.5,7.9642561,52.0709665,NI
NI_9700246,Südfelde,DEGB_DENI_4_2505,Hunte Lockergestein links,18,8.2274328,52.4983503,NI
NI_9700272,Voltlage I,DEGB_DENI_3_03,Große Aa,3,7.7287696,52.4349772,NI
NI_9700294,Woltrup-Wehbergen,DEGB_DENI_36_01,Hase links Lockergestein,9.4,7.9599803,52.5304643,NI
NI_9840011,Petkum I,DEGB_DENI_39_09,Untere Ems rechts,8,7.2847846,53.350519,NI
NI_9840081,Negenbargen I,DEGB_DENI_39_08,Norderland/Harlinger Land,6,7.6873464,53.5757468,NI
NI_9840391,Tjücher Wilde I,DEGB_DENI_39_09,Untere Ems rechts,20,7.314484,53.53331,NI
NI_9841201,Schatteburg I,DEGB_DENI_38_01,Leda-Jümme Lockergestein links,8,7.5331271,53.1976919,NI
NI_9842671,Wymeer I,DEGB_DENI_39_10,Untere Ems Lockergestein links,7,7.2352699,53.1446583,NI
NI_9842941,Pockens,DEGB_DENI_39_08,Norderland/Harlinger Land,18,7.7532969,53.6290825,NI
NI_9843241,Ardorf I,DEGB_DENI_39_08,Norderland/Harlinger Land,3,7.6856124,53.5106641,NI
NW_010201117,Niederzier Nr. 14,DEGB_DENW_282_07,Hauptterrassen des Rheinlandes,15.2,6.4531558,50.8825117,NW
NW_010202808,Alsdorf-Zopp,DEGB_DENW_282_03,Hauptterrassen des Rheinlandes,10.6,6.1329359,50.8642866,NW
NW_010202821,Orsbeck,DEGB_DENW_282_01,Hauptterrassen des Rheinlandes,6.1,6.1662354,51.0881717,NW
NW_010409051,Siebenquellen Süd,DEGB_DENW_282_09,Suedlimburgische Kreidetafel,0,6.0397396,50.787298,NW
NW_010409415,Aldericusquelle,DEGB_DENW_274_07,Hauptterrassen des Rheinlandes,0,6.6226481,50.7088996,NW
NW_010409488,Erftquelle,DEGB_DENW_274_11,Blankenheimer Mulde,0,6.7332959,50.4997343,NW
NW_010409609,Schalkseifenquelle,DEGB_DENW_2718_07,Rohrer Mulde / Ahr 2,0,6.743933,50.4540684,NW
NW_010409968,Michelsbach-Quelle,DEGB_DENW_282_13,Linksrheinisches Schiefergebirge,0,6.3517157,50.6400922,NW
NW_010410041,Klosterquelle,DEGB_DENW_26_03,Blankenheimer Mulde / Kyll 1,0,6.517493,50.3927875,NW
NW_020104327,VI/8 LGD BHH Casum,DEGB_DENW_3_06,Niederung der Oberen Ems (Sassenberg/Versmold),7.2,8.266843,52.0724504,NW
NW_021000153,613 LGD Ummeln,DEGB_DENW_3_07,Niederung der Oberen Ems (Beelen/Harsewinkel),5,8.4214818,51.9609228,NW
NW_021000440,640 LGD,DEGB_DENW_3_09,Sennesande (Nordost),5.2,8.6505731,51.8845018,NW
NW_021175603,OL 123  Sande,DEGB_DENW_278_26,Boker Heide,3.5,8.6687343,51.7856506,NW
NW_024180026,QU Gellinghausen,DEGB_DENW_278_29,Paderborner Hochflaeche / Sued,0,8.7420605,51.638375,NW
NW_024180087,Storchenquelle,DEGB_DENW_278_29,Paderborner Hochflaeche / Sued,0,8.7375957,51.6608439,NW
NW_024180853,PB 4     Wewer,DEGB_DENW_278_29,Paderborner Hochflaeche / Sued,20.6,8.70992,51.6931482,NW
NW_026500036,Q 55 Bredenborn,DEGB_DENW_4_2310,Suedlippische Trias-Gebiete,0,9.1791403,51.8102572,NW
NW_026500115,Q11A Ottbergen,DEGB_DENW_4_2306,Brakel-Borgentreicher Trias,0,9.2685115,51.715678,NW
NW_026500139,Q 23 NEUENH NETHE,DEGB_DENW_4_2307,Suedliches Eggegebirge,0,8.9992769,51.6773217,NW
NW_026500140,Q 18 Gehrden,DEGB_DENW_4_2306,Brakel-Borgentreicher Trias,0,9.1380236,51.6457704,NW
NW_040071005,0 07 100 - HS 115,DEGB_DENW_278_07,Halterner Sande / Hohe Mark,11.1,6.9040794,51.6963884,NW
NW_040100273,BLUMENKAMP NR 43,DEGB_DENW_928_01,Niederung des Rheins / Issel-Talsandebene,4.2,6.6132123,51.6962325,NW
NW_040404018,Grüne Straße,DEGB_DENW_286_02,Terrassenebene des Rheins,1.2,6.4005544,51.568504,NW
NW_059130430,DO-Schwiergh. RWI25,DEGB_DENW_277_10,Muensterlaender Oberkreide / Emscher / Dortmund,7.5,7.4217552,51.5821902,NW
NW_059620183,MEDICE_B,DEGB_DENW_276_10,Rechtsrheinisches Schiefergebirge / untere Lenne,0,7.6558151,51.3782814,NW
NW_059620997,Lauenscheid,DEGB_DENW_276_09,Rechtsrheinisches Schiefergebirge / Volme,57.6,7.5778928,51.2496663,NW
NW_060091101,HS 84,DEGB_DENW_278_06,Halterner Sande / Haard,9.1,7.2009424,51.65455,NW
NW_060220909,HS/90 -REKEN-,DEGB_DENW_278_07,Halterner Sande / Hohe Mark,17.6,7.024397,51.82437,NW
NW_060230125,BO/12 -KROMMERT-,DEGB_DENW_928_17,Tertiaer des westlichen Muensterlandes / Issel,2.5,6.7092797,51.7997669,NW
NW_060230265,BO/26 -SPORK-,DEGB_DENW_928_02,Niederung des Rheins mit Bocholter Aa-Talsandebene,2.4,6.5507883,51.8604223,NW
NW_060240131,AH/13 -WICHUM-,DEGB_DENW_928_06,Niederung der Dinkel,1.8,7.0629626,52.1424371,NW
NW_060240246,AH/24 -VREDEN-,DEGB_DENW_928_04,Niederungen im Einzugsgebiet der Issel / Berkel,5.2,6.8365452,52.049475,NW
NW_060240337,AH/33 -WENDFELD-,DEGB_DENW_928_12,Unterkreide des westl. Muensterlandes,6.9,6.9330999,52.0431157,NW
NW_060240374,AH/37 -WEHR-,DEGB_DENW_928_06,Niederung der Dinkel,4.7,7.1141569,52.0722303,NW
NW_060240386,AH/38 -HEVEN-,DEGB_DENW_928_19,Muensterlaender Oberkreide / West,4.7,7.2183031,52.0585648,NW
NW_060240428,AH/42-ZWILLBROCK-,DEGB_DENW_928_04,Niederungen im Einzugsgebiet der Issel / Berkel,4.3,6.7037174,52.0514567,NW
NW_070168817,LGD DICKOPSHOF,DEGB_DENW_27_23,Hauptterrassen des Rheinlandes,24.1,6.9599132,50.8034332,NW
NW_070197817,LGD STOCKEM,DEGB_DENW_27_25,Niederung des Rheins,9.2,7.0794376,50.8306454,NW
NW_070203817,LGD Sechtem Plantag,DEGB_DENW_27_23,Hauptterrassen des Rheinlandes,24.8,6.9410064,50.7815154,NW
NW_073725687,WBV GeilshsnStollen,DEGB_DENW_272_10,Rechtsrheinisches Schiefergebirge - Sieg 4,0,7.6321434,50.7718845,NW
NW_073726000,IFANG EB,DEGB_DENW_272_09,Rechtsrheinisches Schiefergebirge - Broel,4,7.4966588,50.839466,NW
NW_073727301,HOMMERICHER HOF EB,DEGB_DENW_272_11,Rechtsrheinisches Schiefergebirge - Hanfbach,4,7.2928362,50.7422286,NW
NW_073737380,WG GROSSFRENKHSN QF,DEGB_DENW_273_07,Rechtsrheinisches Schiefergebirge,0,7.2271822,51.0910962,NW
NW_073774303,WG KORMANNSHSN. EB,DEGB_DENW_273_04,Rechtsrheinisches Schiefergebirge,18,7.3400239,51.1700938,NW
NW_073775708,WG ODENSPIEL,DEGB_DENW_272_16,Rechtsrheinisches Schiefergebirge - Wiehl,4,7.7270905,50.9312394,NW
NW_080201570,FLOTHEND 200,DEGB_DENW_286_06,Hauptterrassen des Rheinlandes,3.9,6.2711045,51.2957404,NW
NW_080300935,SCHILBERGSHOF   241,DEGB_DENW_286_01,Terrassenebene des Rheins,4.7,6.2450991,51.6333094,NW
NW_080301060,EHRENMAL HY 254,DEGB_DENW_286_04,Terrassenebene des Rheins,8.4,6.2645043,51.4547832,NW
NW_080301277,CLOERATH 275,DEGB_DENW_286_07,Hauptterrassen des Rheinlandes,1.6,6.4184061,51.2783963,NW
NW_080301502,SCHOTTHEIDE 298,DEGB_DENW_2799_01,Niederung des Rheins,13.3,6.0445858,51.7606446,NW
NW_080301721,FLUGPLATZ 320,DEGB_DENW_286_01,Terrassenebene des Rheins,2.6,6.109894,51.6912169,NW
NW_080302063,KAMPERLINGS,DEGB_DENW_286_03,Terrassenebene des Rheins,2.3,6.4201051,51.3503858,NW
NW_091112000,Westick ML 6,DEGB_DENW_278_18,Niederung der Seseke,8.4,7.625355,51.5793564,NW
NW_091135000,Sundern-Stockum,DEGB_DENW_276_23,Hellefelder & Sparganophyllum-Kalke,18.8,7.979507,51.296121,NW
NW_091141709,EineckerholsenML113,DEGB_DENW_278_22,Muensterlaender Oberkreide / Soest,4.7,8.007709,51.5841112,NW
NW_091165209,Eringerfeld OL117,DEGB_DENW_278_24,Oberkreide-Schichten des Hellweg / Ost,5.4,8.4653941,51.5718023,NW
NW_091175501,Balgert OL768,DEGB_DENW_278_31,Briloner Massenkalk / Lippe,34.4,8.6125384,51.4060322,NW
NW_091175604,Umspannwerke OL769,DEGB_DENW_278_31,Briloner Massenkalk / Lippe,50,8.6281704,51.4285626,NW
NW_091191506,Borntosten B 3,DEGB_DEHE_4_2604,4400_5202,33.5,8.8383041,51.3930732,NW
NW_094130700,Quelle Hs Westrich,DEGB_DENW_278_20,Niederung der Lippe und der Ahse,0,7.8657425,51.546857,NW
NW_094150096,Br 1 Firma Lange,DEGB_DENW_278_25,Niederung der Lippe / Lippstadt,18.4,8.2621906,51.6453321,NW
NW_099580172,TB Struth,DEGB_DENW_4_1027,Rechtsrheinisches Schiefergebirge,40,8.6408344,51.0967924,NW
NW_100120180,BS 17 RETZEN,DEGB_DENW_4_2315,Werre-Bega-Else-Talung,8,8.8067962,52.0458013,NW
NW_100135031,PH1003M  IM TIMPEN,DEGB_DENW_4_2407,Niederung der Weser,9.4,9.0110121,52.3543385,NW
NW_100135560,PH 7N ROEHDEN,DEGB_DENI_4_2411,Mittlere Weser Lockergestein links 2,3,9.0596334,52.4792895,NW
NW_100135602,PH 34N JOESSEN,DEGB_DENW_4_2407,Niederung der Weser,4.6,8.9977954,52.3974929,NW
NW_100140324,WG 34 FROTHEIM,DEGB_DENW_4_2408,Grosse Aue Lockergestein im Sueden,3,8.6659234,52.3601601,NW
NW_100140683,WG 62 BUTENBOHM,DEGB_DENW_4_2410,Kreide-Schichten zwischen Stemwede und Petershagen,3.7,8.4511679,52.3890266,NW
NW_100140750,WG 69 FRIEDEWALD,DEGB_DENW_4_2410,Kreide-Schichten zwischen Stemwede und Petershagen,4,8.8508615,52.3866104,NW
NW_100141328,WG 51N  IM STRANGE,DEGB_DENW_4_2408,Grosse Aue Lockergestein im Sueden,5,8.5278246,52.3659824,NW
NW_100150020,AU 401 OPPENWEHE,DEGB_DENI_4_2413,Große Aue Lockergestein links,13.9,8.5338132,52.4945686,NW
NW_110040144,IV/14 -RECKENFELD-,DEGB_DENW_3_04,Niederung der Oberen Ems (Emsdetten/Saerbeck),6.7,7.5427984,52.1277636,NW
NW_110040200,IV/20 -OSTBEVERN-,DEGB_DENW_3_06,Niederung der Oberen Ems (Sassenberg/Versmold),5,7.8508378,52.0223735,NW
NW_110050125,V/12 -ISENDORF-,DEGB_DENW_3_04,Niederung der Oberen Ems (Emsdetten/Saerbeck),4.2,7.5110136,52.204693,NW
NW_110060234,VI/23 -BEELEN-,DEGB_DENW_3_07,Niederung der Oberen Ems (Beelen/Harsewinkel),9.3,8.1102928,51.947294,NW
NW_110070094,VII/9 -ALBERSLOH-,DEGB_DENW_3_10,Muensterlaender Kiessandzug (Sued),5.2,7.7138592,51.8689999,NW
NW_110070409,VII/40-VORHELM-,DEGB_DENW_3_12,Muensterlaender Oberkreide (Sendenhorst/Beckum),3.6,7.9520849,51.8057246,NW
NW_110151094,WA/9  LIESBORN,DEGB_DENW_278_25,Niederung der Lippe / Lippstadt,17,8.2512894,51.6929189,NW
NW_110200020,TE/2 -HOHNE-,DEGB_DENW_3_05,Niederung der Oberen Ems (Greven/Ladbergen),2.1,7.8682395,52.1412266,NW
NW_110200056,TE/5 HORSTMERSCH,DEGB_DENW_3_04,Niederung der Oberen Ems (Emsdetten/Saerbeck),8.6,7.7273252,52.2144174,NW
NW_110200366,TE/36 LEEDEN MagStr,DEGB_DENI_36_04,Teutoburger Wald - Hase,15.1,7.8738885,52.2069159,NW
NW_110200433,TE/43_Metten,DEGB_DENW_3_18,Nordosthang des Schafberges,6.5,7.8464762,52.3046532,NW
NW_110320104,Me/2 METELEN,DEGB_DENW_928_07_1,Niederung der Vechte,6.4,7.2790974,52.1466888,NW
NW_114001479,UWMS/147 Osthofstr.,DEGB_DENW_278_14,Muensterlaender Oberkreide / Oberlauf Stever,8,7.5293576,51.9144948,NW
NW_129660206,Schönholthausen I,DEGB_DENW_276_27,Atterdorn-Elspe-Doppelmulde,45.7,8.0276743,51.1886221,NW
NW_129660220,Niederhelden I,DEGB_DENW_276_27,Atterdorn-Elspe-Doppelmulde,13.8,7.9720257,51.117105,NW
NW_129700241,Leisebach,DEGB_DENW_4_1025,Rechtsrheinisches Schiefergebirge,10,8.4790476,51.0062585,NW
NW_279375610,Stommbusch II,DEGB_DENW_274_01,Grundwassereinzugsgebiet Rhein,22.9,6.7802366,51.0303981,NW
RP_2372102400,"1457 I, Bruchweiler-Bärenbach",DEGB_DERP_30,"Wieslauter, 1. Quelle",4,7.8016963,49.1078818,RP
RP_2375143500,"1475, Billigheim-Ingenheim",DEGB_DERP_35,Klingbach,18,8.0992495,49.1543191,RP
RP_2375147000,"1478, Freckenfeld",DEGB_DERP_39,"Otterbach, Quelle",15.5,8.1119162,49.0767224,RP
RP_2375222100,"1277 I, Leimersheim",DEGB_DERP_42,"Rhein, RLP, 2",5.5,8.3399482,49.1223901,RP
RP_2378171500,"1480, Lustadt",DEGB_DERP_34,"Speyerbach, 2",14.6,8.2560291,49.2582433,RP
RP_2379185100,"1467, Schifferstadt",DEGB_DERP_28,"Rhein, RLP, 5",2.3,8.3425082,49.3967712,RP
RP_2391181500,"1484 I, Gönnheim",DEGB_DERP_28,"Rhein, RLP, 5",3.3,8.2609699,49.4534469,RP
RP_2391197000,"1336 I, Frankenthal (Pfalz), Petersau",DEGB_DERP_28,"Rhein, RLP, 5",6,8.4013394,49.5674863,RP
RP_2392150000,"2147 I, Worms, Pfiffligheim",DEGB_DERP_29,"Rhein, RLP, 6",23.7,8.323421,49.6243646,RP
RP_2395164700,"2017, Mettenheim",DEGB_DERP_21,"Rhein, RLP, 7",9.7,8.3521419,49.7398402,RP
RP_2397183700,"2132 II, Bechtheim",DEGB_DERP_21,"Rhein, RLP, 7",54,8.2930556,49.7382175,RP
RP_2522200300,"Freimersheim, Qu. Aufspringquelle",DEGB_DERP_18,Selz,0,8.0820032,49.7048331,RP
RP_2529210000,"Stadecken-Elsheim, Quelle 7",DEGB_DERP_18,Selz,0,8.1238335,49.9237734,RP
RP_2542250100,"5522, Kappel, Q.1 Sangellern",DEGB_DERP_2,Hahnenbach,0,7.3769905,50.0032557,RP
RP_2545110200,"Meddersheim, Br. 1 Altenb. Bach",DEGB_DERP_8,Nahe 3,30,7.5997162,49.7687171,RP
RP_2546155800,"Kottweiler-Schwanden, Tief-Brunnen II",DEGB_DERP_10,Mohrbach,11,7.5327821,49.4782425,RP
RP_2549102700,"Guldental, Brunnen 1 Leiseck",DEGB_DERP_17,Nahe 4,28.5,7.8614191,49.8931837,RP
RP_2549250700,"2519, Wörrstadt, Neuborn III",DEGB_DERP_16,Wiesbach,0,8.107233,49.8267498,RP
RP_2589212800,"Marienfels, Römerquelle",DEGB_DERP_2580_19,Mhlbach,0,7.806187,50.2404509,RP
RP_2627260800,"4503, Ferschweiler",DEGB_DERP_58,Sauer 1,0,6.3986584,49.8589822,RP
RP_2628211800,"Dingdorf, Q.1 Im Sudig",DEGB_DERP_91,Nims,0,6.4217725,50.1469622,RP
RP_2628240800,"4510, Nattenheim",DEGB_DERP_91,Nims,0,6.5080728,50.0153793,RP
RP_2642220100,"3527, Großsteinhausen",DEGB_DERP_25,Hornbach,0,7.4636488,49.183576,RP
RP_2649210500,"4537, Saarburg, Kahren",DEGB_DERP_83,"Saar, RLP",0,6.4942114,49.5882069,RP
RP_2663180200,"4157, Kirchweiler",DEGB_DERP_89,"Kyll 1, Quelle",28.8,6.741059,50.235133,RP
RP_2665212000,"Kyllburgweiler, Q. Am Hasberg",DEGB_DERP_90,Kyll 2,0,6.6023697,50.0593701,RP
RP_2671132200,"4153, Trier, Kenn Wasserwerk",DEGB_DERP_97,"Mosel, RLP, 2",1.3,6.7229503,49.8106371,RP
RP_2674141500,"4017 A, Sehlem",DEGB_DERP_88,Salm 2,2.9,6.8451516,49.9109051,RP
RP_2681110100,"4170, Gillenfeld",DEGB_DERP_65,Alf,15.1,6.9250262,50.126404,RP
RP_2699270900,"5503, Münstermaifeld, Metternich Obere Münchquelle",DEGB_DERP_69,"Mosel, RLP, 5",0,7.3823145,50.2406841,RP
RP_2713113500,"5076, Mülheim-Kärlich",DEGB_DERP_80,"Rhein, RLP, 10",0.2,7.52523,50.3898366,RP
RP_2713162300,"6063, Neuwied, Block Heimbach",DEGB_DERP_80,"Rhein, RLP, 10",14,7.515714,50.4411386,RP
RP_2714215300,"5535, Weibern",DEGB_DERP_72,Nette,0,7.1333209,50.4117551,RP
RP_2716111400,"6075, Neitersen",DEGB_DERP_78,"Wied 1, Quelle",25,7.5933629,50.6636589,RP
SH_1292,STADUM SÜD,DEGB_DESH_EI11,Arlau/Bongsieler Kanal - Geest,2.2,9.037047,54.7231183,SH
SH_2052,NORDERHEISTEDT NW,DEGB_DESH_EI18,Nördliche Dithmarscher Geest,2.2,9.1264123,54.2542623,SH
SH_2481,FARNEWINKEL F1,DEGB_DESH_EI21,Miele - Altmoränengeest,8,9.1538472,54.0769486,SH
SH_3472,ROHLSTORF F1,DEGB_DESH_ST15,Trave - Nordwest,9,10.3966196,53.9699245,SH
SH_3922,NIENBÜTTEL NORD,DEGB_DESH_EL08,Stör - Geest und östl. Hügelland,1.1,9.4202184,54.0384746,SH
SH_3923,HOHENFIERT,DEGB_DESH_EL08,Stör - Geest und östl. Hügelland,3,9.6259781,53.9950711,SH
SH_3924,HAGEN SO,DEGB_DESH_EL08,Stör - Geest und östl. Hügelland,4,9.8444489,53.9376405,SH
SH_3925,WAHLSTEDT STREEMWEG,DEGB_DESH_EL08,Stör - Geest und östl. Hügelland,1.1,10.1995983,53.9672035,SH
SH_3928,AHRENLOHE HÖRNWEG,DEGB_DESH_EL13,Krückau - Altmoränengeest Nord,2.1,9.7489597,53.7074456,SH
SH_3929,HOLM NORDOST,DEGB_DESH_EL13,Krückau - Altmoränengeest Nord,1.1,9.7150572,53.6372733,SH
SH_3934,WEDEL BÜNDTWIETE,DEGB_DESH_EL13,Krückau - Altmoränengeest Nord,14.1,9.6981851,53.5933995,SH
SH_3962,RHEN HORSTMOOR F1,DEGB_DESH_EL13,Krückau - Altmoränengeest Nord,9,10.0095415,53.7685344,SH
SH_4522,OSTERMARKELSDORF,DEGB_DESH_ST08,Fehmarn,4.7,11.1658387,54.4647165,SH
SH_4620,SIEBENBÄUMEN SÜD,DEGB_DESH_ST16,Trave - Mitte,3.8,10.5223702,53.734296,SH
SH_4622,NEUHORST AM WALL,DEGB_DESH_ST17,Trave - Südost,7,10.7639894,53.6070827,SH
SH_4623,WITZHAVE JAHRENSBERG,DEGB_DESH_EL14,Bille - Altmoränengeest Mitte,2,10.3271747,53.5694603,SH
SH_4624,FITZEN,DEGB_DESH_EL19,Elbe-Lübeck Kanal - Geest,0.5,10.6367862,53.4967405,SH
SH_4645,KITTLITZ SALEMER STR,DEGB_DEMV_MEL_SU_5_16,Schaale/Schaalsee,2.6,10.9043198,53.6601683,SH
SH_5211,HAVETOFTLOIT F4,DEGB_DESH_EI13,Eider/Treene - östl. Hügelland West,115,9.5645292,54.6540935,SH
SH_5239,GANGERSCHILD F2,DEGB_DESH_ST03,Angeln - östl. Hügelland Ost,5.5,9.7981857,54.6508093,SH
SH_5240,WESTERLANGSTEDT F1,DEGB_DESH_EI14,Eider/Treene - Geest,1,9.3825512,54.6049919,SH
SH_5241,ELLINGSTEDT WUHRENWEG,DEGB_DESH_EI14,Eider/Treene - Geest,1,9.4208628,54.4755282,SH
SH_5242,ALT BENNEBEK,DEGB_DESH_EI14,Eider/Treene - Geest,1,9.4465112,54.3692104,SH
SH_5251,ELLUND WILMKJERWEG,DEGB_DESH_EI11,Arlau/Bongsieler Kanal - Geest,1.5,9.2533969,54.8071368,SH
SH_5569,GOLDEBEK,DEGB_DESH_EI11,Arlau/Bongsieler Kanal - Geest,4.7,9.1458379,54.6762358,SH
SH_5620,OSTROHE 5620,DEGB_DESH_EI18,Nördliche Dithmarscher Geest,3,9.1263897,54.2118045,SH
SH_6101,KROGASPE,DEGB_DESH_EL08,Stör - Geest und östl. Hügelland,3,9.9183845,54.1404024,SH
SH_6103,MARIENWARDER F2,DEGB_DESH_ST09,Schwentine - Unterlauf,21,10.3766559,54.2406136,SH
SH_6135,KOSELFELD,DEGB_DESH_ST04,Angeln - östl. Hügelland West,7,9.7393249,54.4947215,SH
SH_6476,OSTENFELD WALD F1,DEGB_DESH_EL03,NOK - östl. Hügelland West,15,9.752949,54.3207438,SH
SH_6601,JEVENSTEDT SÜD,DEGB_DESH_EL04,NOK - Geest,2,9.6463753,54.2203534,SH
SH_6641,BRANDSBEK,DEGB_DESH_EL03,NOK - östl. Hügelland West,5,9.9497923,54.3089039,SH
SH_6643,KATENSTEDT,DEGB_DESH_EL04,NOK - Geest,2,9.834957,54.2246107,SH
SH_6646,LIESBÜTTEL,DEGB_DESH_EL04,NOK - Geest,9.2,9.3942847,54.1331759,SH
SH_6648,HEINKENBORSTEL SÜD,DEGB_DESH_EL08,Stör - Geest und östl. Hügelland,8,9.7726809,54.1075118,SH
SH_6652,BARGSTALL,DEGB_DESH_EI14,Eider/Treene - Geest,11.1,9.4703076,54.2599647,SH
SH_8214,ALT ERFRADE NORD F1,DEGB_DESH_ST15,Trave - Nordwest,25,10.2765884,54.0401891,SH
SH_8282,HEIDGRABEN SCHLANGENTWIETE,DEGB_DESH_EL13,Krückau - Altmoränengeest Nord,2,9.6689472,53.7022766,SH
SH_8439,STÖRKATHEN,DEGB_DESH_EL08,Stör - Geest und östl. Hügelland,4.5,9.7570349,53.9790865,SH
SH_8503,WULFSMOOR FISCHERSTIEG,DEGB_DESH_EL08,Stör - Geest und östl. Hügelland,2,9.7082288,53.9180913,SH
SH_8623,HOHENFIERT SÜD,DEGB_DESH_EL08,Stör - Geest und östl. Hügelland,4.5,9.6205047,53.9923615,SH
SL_00765,,DEGB_DESL04,DESL04,9,6.8248509,49.5237084,SL
SL_00890,,DEGB_DESL11,DESL11,12.9,7.1070139,49.4402305,SL
SL_01146,,DEGB_DESL15,DESL15,15,6.7105477,49.3007502,SL
SL_01559,,DEGB_DESL16,DESL16,25,6.4041023,49.5177168,SL
SL_Per02,Eft-Hellendorf,DEGB_DESL14,DESL14,6,6.4501771,49.4845067,SL
SL_S0527,,DEGB_DESL13,DESL13,32,6.7367325,49.3379913,SL
SN_44393876,"Kyhna, B 38/76",DEGB_DESN_VM-2-2,Strengbach,12,12.2585571,51.5287964,SN
SN_44420007,"Pressel, HyPre 12/1993",DEGB_DESN_EL-2-1,Schwarzer Graben,5,12.7855132,51.5384017,SN
SN_44430035,"Klitzschen, Br. 1/84, Staupitzer Agrarprod. GmbH",DEGB_DESN_EL-2-1,Schwarzer Graben,11,12.9050594,51.5089935,SN
SN_44440008,"Arzberg, WGT-Objekt Kathewitz, BIII/94",DEGB_DESN_EL-2-2,Koßdorfer Landgraben,2,13.111333,51.5284683,SN
SN_45400013_1,"Krostitz,P1/90 oP",DEGB_DESN_VM-1-1,Lober-Leine,4.5,12.4714851,51.4607481,SN
SN_45410001_1,"Hainichen,5/92/1",DEGB_DESN_VM-1-2-2,Vereinigte Mulde 2,23.1,12.6213397,51.4725317,SN
SN_45420006,"Lossa, IIc/92",DEGB_DESN_VM-1-2-1,Vereinigte Mulde 1,9.1,12.6983049,51.4123111,SN
SN_45420007,"Thallwitz, B 404/97",DEGB_DESN_VM-1-4,Lossa,6.1,12.6904353,51.4348081,SN
SN_45430002,"Sitzenroda, Br. 1/04",DEGB_DESN_EL-2-1,Schwarzer Graben,9.2,12.9792147,51.4473659,SN
SN_45466003,"Nieska,Hy Fibg 1/94",DEGB_DEBB_SE-4-2,Elbe - Urstromtal,5,13.3501834,51.4209452,SN
SN_46390109,"Leipzig, Stahmeln, GWMS 2/92",DEGB_DESN_SAL-GW-052,Großraum Leipzig,6.5,12.2911817,51.3807149,SN
SN_46420001,"Nischwitz, Vc/97",DEGB_DESN_VM-1-2-1,Vereinigte Mulde 1,5.4,12.7223652,51.3953468,SN
SN_46430117,"Luppa,GWM BW 2/93",DEGB_DESN_EL-2-5-6,Döllnitz-Dahle,18.6,12.960309,51.3456662,SN
SN_46450002,"Bornitz, Br. HYBBozOs1/2002",DEGB_DESN_EL-2-5-6,Döllnitz-Dahle,5,13.1872562,51.3075526,SN
SN_46456436,"Riesa-Fichtenberg, Jacobsthal, Jcl 5/91",DEGB_DEBB_SE-4-2,Elbe - Urstromtal,9.6,13.289638,51.3911467,SN
SN_46466049,"Görzig, B 6/07",DEGB_DESN_SE-3-1,Gröditz,11.1,13.4531611,51.3588295,SN
SN_4646E6001,Wildenhain,DEGB_DESN_SE-3-1,Gröditz,12.9,13.4431234,51.3091803,SN
SN_46480001,"Böhla, Hy BlKz 1/2011",DEGB_DESN_SE-2-1,Königsbrück,12,13.7879174,51.3583953,SN
SN_47410B13,"Pomßen - Grethen Straße, B 13/94",DEGB_DESN_SAL-GW-060,Parthegebiet,8,12.6390792,51.2349177,SN
SN_47440003,"Jahna, HyJaPu 1/2009, WSG Jahnaaue 2",DEGB_DESN_EL-2-4,Jahna,29,13.1645255,51.2272471,SN
SN_47440019,"Mügeln, Stadtbad Brunnen 1/2016",DEGB_DESN_EL-2-5-6,Döllnitz-Dahle,32.1,13.030435,51.2323042,SN
SN_47460002,"Merschwitz,  ALTMczR 2/2001",DEGB_DESN_EL-2-3,Nünchritz,8.3,13.4111752,51.2623266,SN
SN_47532203,"Spreewiese, Roter Lug,HySdi 22/86",DEGB_DESN_SP-1-2,Löbauer Wasser,23.1,14.5461161,51.2821702,SN
SN_48417004,"Heinersdorf, B 9/07",DEGB_DESN_SAL-GW-058,Eulagebiet,6.4,12.6162108,51.1456716,SN
SN_48459001,"Leuben-Schleinitz, OT Schleinitz, PW, Quelle",DEGB_DESN_EL-2-4,Jahna,0,13.2702436,51.1636238,SN
SN_49426605,"Schwarzbach,TB HySwhRz 501/89",DEGB_DESN_ZM-2-1,Untere Zwickauer Mulde,26,12.7762683,51.0942674,SN
SN_49430001,"Hartha,P2/94",DEGB_DESN_FM-4-1,Untere Zschopau,8.1,12.9702896,51.0838923,SN
SN_49452003,"Marbach, Q/1928",DEGB_DESN_FM-2-1,Untere Freiberger Mulde,0,13.2223256,51.0540397,SN
SN_49510001,"Weickersdorf, Hy Wek 1/2011",DEGB_DESN_EL-1-4,Bischofswerda,20.8,14.1684375,51.0967899,SN
SN_50450006,"Kleinwaltersdorf, HyKlw 3/2005",DEGB_DESN_FM-1,Obere Freiberger Mulde,5.2,13.3115872,50.9308128,SN
SN_50500001,"Struppen, HYB Stpn 1/2006",DEGB_DESN_EL-1-6-1,Sandstein-Sächsische Kreide,87,14.0283119,50.9257885,SN
SN_50530001,Seifhennersdorf,DEGB_DESN_NE-2,Zittau-Görlitz,23.9,14.5883679,50.9350147,SN
SN_51426003,"Hartmannsdorf, HY 1/2002",DEGB_DESN_ZM-2-1,Untere Zwickauer Mulde,12,12.8023889,50.8737955,SN
SN_5242W00030,"Gersdorf, B 1",DEGB_DESN_ZM-2-2,Lungwitzbach,3.3,12.7075778,50.7617378,SN
SN_52456001,"Hutha,Hy Hu 1/95",DEGB_DESN_FM-3-2,Obere Flöha,15,13.2963312,50.7027016,SN
SN_53408001,"Beiersdorf, QG Beiersdorf 1",DEGB_DESN_SAL-GW-053,Oberlauf der Pleiße,0,12.3379059,50.6780258,SN
ST_31330072,Klein Chüden - Güte,DEGB_DENI_NI10_1,Jeetzel Lockergestein rechts,8.2,11.2169083,52.8717331,ST
ST_32330012,Quadendambeck-Güte,DEGB_DEST_NI10_3,Jeetze Altmärkische Moränenlandschaft (Jeetze),10.5,11.2188669,52.7668195,ST
ST_32330026,Maxdorf - Güte,DEGB_DEST_NI10_3,Jeetze Altmärkische Moränenlandschaft (Jeetze),7,11.2129892,52.7839144,ST
ST_32360118,Erxleben - Güte,DEGB_DEST_MBA-3,Altmärkische Moränenlandschaft (Uchte),26.5,11.7858079,52.7574164,ST
ST_33382583,Hohengöhren-Damm,DEGB_DEST_HAV_UH_5,Elburstromtal und westbrandenburgische Endmoräne,6,12.0961768,52.6159203,ST
ST_34320009,Dannefeld - Güte,DEGB_DEST_OT-1,Ohre-Urstromtal (Obere Ohre),6.6,11.1389139,52.5128454,ST
ST_34340005,Gardelegen - Güte,DEGB_DEST_MBA-1,Altmärkische Moränenlandschaft (Milde),20,11.3563775,52.5224443,ST
ST_35396735,Schlagenthin - Güte,DEGB_DEST_HAV_UH_6,Elbe-Urstromtal (Stremme),23,12.2686751,52.4677564,ST
ST_36320001,Klinze,DEGB_DEST_4_2105,Obere Aller mesozoisches Festgestein rechts,12,11.1149031,52.3413705,ST
ST_36350084,Ellersell - Güte,DEGB_DEST_OT-2,"Colbitz-Letzlinger-Heide, Moränenlandschaft",11,11.6500154,52.3378497,ST
ST_37320011,Schwanefeld neu,DEGB_DENI_4_2106,Obere Aller mesozoisches Festgestein links,28.2,11.0882807,52.252104,ST
ST_37360044,Heinrichsberg 2019,DEGB_DEST_OT-5,Zielitzer Haldengebiet,7,11.7210081,52.2765301,ST
ST_37375220,Pietzpuhl - Güte,DEGB_DEST_HAV_UH_7,"Burg-Ziesar Fläming, Moränenlandschaft",10,11.8446189,52.2087818,ST
ST_38360143,Gübs - Güte 1/95,DEGB_DEST_EN-1,Westfläming und Elbtal (Ehle),5.1,11.7351742,52.1109975,ST
ST_39332819,Hornhausen BR 2019,DEGB_DEST_SAL-GW-066,Triaslandschaft Börde,9.1,11.1768209,52.0402992,ST
ST_39360065,Schönebeck - Güte,DEGB_DEST_EN-3,Magdeburger Triaslandschaft und Elbtal,5.1,11.7663792,52.0095966,ST
ST_40370082,Tornitz - Güte,DEGB_DEST_EN-3,Magdeburger Triaslandschaft und Elbtal,3.5,11.8362625,51.9397976,ST
ST_40400697,Köselitz OP,DEGB_DEST_EL-3-4,Südfläming und Elbtal (Rossel),10.4,12.4816155,51.9566984,ST
ST_41342108,Wilsleben,DEGB_DEST_SAL-GW-065,Kreide der Subherzynen Senke,17.5,11.4544598,51.799663,ST
ST_41390197,Dessau-Waldersee,DEGB_DEST_VM-2-1,Muldetal,9,12.2787867,51.8525772,ST
ST_41431397,Seyda,DEGB_DEST_SE-5,Südfläming,20.5,12.9239358,51.8656363,ST
ST_42340003,Reinstedt- Güte,DEGB_DEST_SAL-GW-065,Kreide der Subherzynen Senke,7.4,11.341402,51.7673375,ST
ST_42371497,Klein-Wülknitz,DEGB_DEST_SAL-GW-022,Hallesche und Köthener Moränenlandschaft,13,11.9249936,51.7458824,ST
ST_42420397,Klöden,DEGB_DEST_EL-3-1,Elbtal und Moränenlandschaft Dübener Heide,9,12.8213038,51.7575145,ST
ST_42420497,Merkwitz,DEGB_DEST_EL-3-1,Elbtal und Moränenlandschaft Dübener Heide,4.8,12.7057709,51.7601392,ST
ST_43360408,Könnern,DEGB_DEST_SAL-GW-021,Bernburg-Ascherslebener Triaslandschaft,5.5,11.7171505,51.6891148,ST
ST_43392097,Köckern,DEGB_DEST_SAL-GW-022,Hallesche und Köthener Moränenlandschaft,27.5,12.1858676,51.6044531,ST
ST_43392297,Siebenhausen,DEGB_DEST_VM-2-4,Bitterfelder Quartärplatte,18,12.2321136,51.690689,ST
ST_44341596,Vatterode,DEGB_DEST_SAL-GW-019,Hettstedter Permokarbon,25,11.413544,51.5919834,ST
ST_4434Q013,Heidefleckquelle,DEGB_DEST_SAL-GW-018,Ostharzer Paläozoikum,0,11.3503423,51.5832301,ST
ST_44370035,Sylbitz,DEGB_DEST_SAL-GW-020,Wettiner Permokarbon,7,11.9091093,51.5761256,ST
ST_44380708,Brachstedt,DEGB_DEST_SAL-GW-020,Wettiner Permokarbon,13,12.0566265,51.5843719,ST
ST_44392197,Carlsfeld,DEGB_DEST_SAL-GW-022,Hallesche und Köthener Moränenlandschaft,23,12.1806472,51.5582988,ST
ST_45320198,Berga 1/98,DEGB_DETH_SAL-GW-041,Helme-Unstrut-Aue,15,11.018922,51.4541562,ST
ST_45330198,Lengefeld 1/98,DEGB_DEST_SAL-GW-038,Zechsteinrand der Thüringer Senke,20,11.2130914,51.4902389,ST
ST_45350032,Erdeborn OP,DEGB_DEST_SAL-GW-014,Mansfeld-Querfurt-Naumburger Triasmulden und -platten,16,11.6411014,51.4732189,ST
ST_45360007,Steuden,DEGB_DEST_SAL-GW-014,Mansfeld-Querfurt-Naumburger Triasmulden und -platten,24,11.7742971,51.41972,ST
ST_45380210,Reideburg/Kapellenplatz,DEGB_DEST_SAL-GW-061,Hallesche Moränenlandschaft,2.9,12.0475739,51.481449,ST
ST_45380230,Halle- Hufeisensee,DEGB_DEST_SAL-GW-061,Hallesche Moränenlandschaft,6.6,12.0053599,51.468427,ST
ST_46350111,Grockstädt,DEGB_DEST_SAL-GW-042,Freyburger Triasmulde,36,11.5750359,51.3290512,ST
ST_46360696,Schafstädt 1/96,DEGB_DEST_SAL-GW-014,Mansfeld-Querfurt-Naumburger Triasmulden und -platten,17,11.7493387,51.3818494,ST
ST_46370130,Geusa,DEGB_DEST_SAL-GW-014A,Merseburger Buntsandsteinplatte,5.6,11.9400867,51.3372164,ST
ST_46370910,Bad Lauchstädt,DEGB_DEST_SAL-GW-014,Mansfeld-Querfurt-Naumburger Triasmulden und -platten,9.2,11.890129,51.3892073,ST
ST_46380196,Trebnitz,DEGB_DEST_SAL-GW-017,Saale-Elster-Aue,4.4,12.0129527,51.3519495,ST
ST_47361197,Freyburg 101/97,DEGB_DEST_SAL-GW-042,Freyburger Triasmulde,47.5,11.7844668,51.2283134,ST
ST_47380197,Kirchfährendorf,DEGB_DEST_SAL-GW-014A,Merseburger Buntsandsteinplatte,5.3,12.0546834,51.2891455,ST
ST_48350602,Tromsdorf/Herrengosserstedt,DEGB_DETH_SAL-GW-011,Apoldaer Mulde,23,11.5089156,51.1192717,ST
ST_48372097,Schönburg,DEGB_DEST_SAL-GW-014,Mansfeld-Querfurt-Naumburger Triasmulden und -platten,5.2,11.8664801,51.1681638,ST
ST_49381010,Kretzschau,DEGB_DEST_SAL-GW-051,Zeitz-Weißenfelser Platte (Elster),22,12.0670132,51.0509145,ST
ST_49381030,Zangenberg 103/00,DEGB_DESN_SAL-GW-059,Weißelsterbecken mit Bergbaueinfluss,9.5,12.1619139,51.0726435,ST
TH_100525,Hy Horsmar 7E/1976  (dickes Rohr),DEGB_DETH_SAL-GW-029,Hainich-Unstrut,39.1,10.3932145,51.2904383,TH
TH_100698,Kefferhausen / Unstrutquelle,DEGB_DETH_SAL-GW-029,Hainich-Unstrut,0,10.276423,51.3162242,TH
TH_101577,Berlingerode (6/1972),DEGB_DENI_4_2010,Rhume mesozoisches Festgestein links,22.3,10.2236244,51.4484046,TH
TH_104452,Hy Langenleuba-Oberhain 115/1988 (L.leuba-Niederhain-Hofeberg),DEGB_DESN_SAL-GW-056,Zwickau-Altenburger Fluss,10.9,12.5836472,50.9510134,TH
TH_111123,Hy Göllingen 104/1989 (Seega),DEGB_DETH_SAL-GW-032,Nordthueringer Buntsandsteinausstrich-Wipper,80,11.0562108,51.3280479,TH
TH_111924,Hy Rentwertshausen 121/1990 (Exdorf),DEGB_DEBY_2_G070_TH,Gipskeuper - Bad Königshofen i.Grabfeld,28,10.5434043,50.4360951,TH
TH_111975,Hy Schleusingen 121/1989 (Hinternah),DEGB_DETH_4_0006_BY,Suedthueringer Bruchschollenland-Werra,59.5,10.7875526,50.510793,TH
TH_114001,Hy Erfurt-Gispersleben 108/1991,DEGB_DETH_SAL-GW-026_4,Suedliches Thueringer Keuperbecken,10,10.9783109,51.0130877,TH
TH_114144,Hy Rositz 408/1994 (Waltersdorf),DEGB_DESN_SAL-GW-059,Weißelsterbecken mit Bergbaueinfluss,20,12.383887,51.0401868,TH
TH_114888,Hy Frießnitz 3/1993 (Struth),DEGB_DETH_SAL-GW-050,Zechsteinrand der Saaleplatte-Weisse Elster,15,11.9595131,50.7786434,TH
TH_115715,Plauer Spring / Hauptquelle,DEGB_DETH_SAL-GW-027_2,Ohrdrufer Muschelkalkplatte,0,10.88771,50.7754259,TH
TH_116873,Hy Eckardts 3/1969 (Schwarzbach),DEGB_DETH_4_0027,Fulda-Werra-Bergland-Hasel-Schmalkalde,15,10.2763916,50.6676436,TH
TH_117017,Hy Löhma (Güldequelle),DEGB_DETH_SAL-GW-047,noerdl. Ziegenruecker Mulde-Weisse Elster,0,11.8499563,50.6144139,TH
TH_117052,Hy Frankenheim 1/1996,DEGB_DEBY_2_G069_HETH,Buntsandstein - Bad Brückenau,9,10.0678584,50.5415847,TH
TH_117398,Hy Windehausen 1/1997,DEGB_DETH_SAL-GW-041,Helme-Unstrut-Aue,8,10.8452527,51.4677133,TH
TH_117420,Lutter / Lutterquelle,DEGB_DETH_4_2012,Eichsfelder Buntsandsteinscholle-Leine,0,10.1268183,51.3258021,TH
TH_117451,Kleinberndten,DEGB_DETH_SAL-GW-033,Duen-Hainleite,8,10.6708318,51.3788553,TH
TH_117683,Greußen / Neuborner Quelle(WW),DEGB_DETH_SAL-GW-026_3,Noerdliches Thueringer Keuperbecken,0,10.9075261,51.2517398,TH
TH_117821,Hy Altengottern 2/1997,DEGB_DETH_SAL-GW-026_2,Westliches Thueringer Keuperbecken,18,10.6165035,51.1589301,TH
TH_118086,Goldbach 1/1996,DEGB_DETH_4_0003,Keuper des suedwestlichen Thueringer Beckens,22,10.6517035,50.9997509,TH
TH_118180,Hy Willschütz (alte Biolandquelle),DEGB_DEST_SAL-GW-012,"Buntsandstein, Obere Wethau",0,11.8221466,51.016866,TH
TH_118417,Erfurt-Linderbach (101/1991),DEGB_DETH_SAL-GW-026_1,Oestliches Thueringer Keuperbecken,28,11.0837896,50.9761381,TH
TH_118438,Oettern / Quellgebiet,DEGB_DETH_SAL-GW-008_1,Muschelkalk der noerdlichen Ilm-Saaleplatte,0,11.3704957,50.9201584,TH
TH_118868,Heiligenstadt / Buchborn-Pegel 44712.0 (Qu),DEGB_DETH_4_2011,Geisleder Muschelkalkhochflaeche,0,10.1715262,51.3593553,TH
TH_118950,Ottstedt am Berg,DEGB_DETH_SAL-GW-026_1,Oestliches Thueringer Keuperbecken,0,11.2187524,51.0137184,TH
TH_131968,Hy Rockendorf (Weidenborn),DEGB_DETH_SAL-GW-005,Zechsteinrand der Orlasenke,0,11.5263371,50.6765205,TH
TH_132804,"Hy Podelwitz 4/1985 (Tautenhain, Schlucht)",DEGB_DESN_SAL-GW-056,Zwickau-Altenburger Fluss,6,12.5073794,50.9115786,TH
TH_731657,Hy Nägelstedt 1/2014,DEGB_DETH_SAL-GW-026_2,Westliches Thueringer Keuperbecken,71.3,10.7413921,51.1173222,TH
TH_761098,Hy Ottstedt a.B. 1/2021,DEGB_DETH_SAL-GW-026_1,Oestliches Thueringer Keuperbecken,7,11.1953526,51.0138905,TH
TH_766086,Hy Kösnitz 1/2022,DEGB_DETH_SAL-GW-008_1,Muschelkalk der noerdlichen Ilm-Saaleplatte,22,11.6013499,51.0146746,TH
TH_766145,Hy Erbengrün 1/2022,DEGB_DETH_SAL-GW-045,Vogtl. Schiefergebirge - Weisse Elster - Aubach,11,12.1169648,50.6377334,TH
BB_40536006,Grabko,DEGB_DEBB_NE-4-1,Lausitzer Neiße B1,8,14.5706805,51.9130811,BB
BW_24/723-2,"GWM F4/92 Eyb Eglofs, Argenbühl",DEGB_DEBW_03-12-10,Allgäu-Isny-Untere Argen (GWK Stand 2019),4.5,9.9459159,47.6566017,BW
MV_16420028,Dabitzer Wiese OP,DEGB_DEMV_WP_KO_4_16,Stralsund,23,12.8237909,54.3466101,MV
MV_17420008,Redebas,DEGB_DEMV_WP_KO_3_16,Barthe,23.1,12.735592,54.2827602,MV
MV_18440014,Schönenwalde,DEGB_DEMV_WP_PT_5_16,Trebel,13.5,13.0231849,54.1374733,MV
MV_23470014,Friedland OP,DEGB_DEMV_ODR_OF_1_16,Datze/Zarow,18.1,13.5809109,53.6803274,MV
MV_24410027,Sandkrug 4/72 UP,DEGB_DEMV_MEL_EO_4_16,EldeOberlauf,14.5,12.6012602,53.5434745,MV
MV_26320016,Quassel OP,DEGB_DEMV_MEL_SU_3_16,Sude,5,11.0667023,53.3355558,MV
MV_26520102,Kyritz,DEGB_DEMV_ODR_OF_16_16,Randow/Linken,23.5,14.3422356,53.3643831,MV
NW_040201491,DINGDEN 59         ,DEGB_DENW_928_01,Niederung des Rheins / Issel-Talsandebene,6.1,6.6026469,51.7846274,NW
NW_059620201,HALIG010           ,DEGB_DENW_276_07,Mittlere und Obere Ruhr-Talaue,3,7.7592328,51.4681367,NW
NW_080301848,SCHARENBERG     332,DEGB_DENW_286_04,Terrassenebene des Rheins,2,6.2966988,51.3769068,NW
NW_110040107,IV/10 EMSDETTEN    ,DEGB_DENW_3_04,Niederung der Oberen Ems (Emsdetten/Saerbeck),2.5,7.5697838,52.1471861,NW
NW_110220870,HS/87 EMKUMER MARK ,DEGB_DENW_278_11,Halterner Sande / Borkenberg / Humberg,3.1,7.3140275,51.7480577,NW
NW_110240145,AH/14 COE.M.GAUPEL ,DEGB_DENW_928_19,Muensterlaender Oberkreide / West,2,7.1929591,51.9768367,NW
RP_2663243500,"Birgel,Q. Auf der Langwies",DEGB_DERP_89,"Kyll 1, Quelle",0,6.6292896,50.3229149,RP
SN_46466001,"Wildenhain,Hy 9/72",DEGB_DESN_SE-3-1,Gröditz,8.2,13.4431706,51.3091539,SN
SN_47440004,"Baderitz, HyBiz 1/2009",DEGB_DESN_EL-2-5-6,Döllnitz-Dahle,28.5,13.0177497,51.2280171,SN
SN_48450003,"Leuben - Schleinitz, B 4/2007",DEGB_DESN_EL-2-4,Jahna,5.5,13.2697798,51.1631684,SN
SN_49410001,"Streitwald,B 3/92",DEGB_DESN_SAL-GW-058,Eulagebiet,7.6,12.5739765,51.0481606,SN
SN_50539001,"Seifhennersdorf, HySeih 1/2004",DEGB_DESN_NE-2,Zittau-Görlitz,24,14.5884106,50.9349238,SN
ST_37340030,Wedringen Kanal Süd,DEGB_DEST_OT-4,Flechtinger Höhenzug,4.3,11.469874,52.254732,ST
ST_37360040,Heinrichsberg,DEGB_DEST_OT-5,Zielitzer Haldengebiet,1.8,11.7209856,52.2765308,ST
ST_39330028,Hornhausen BR 2a,DEGB_DEST_SAL-GW-066,Triaslandschaft Börde,7,11.1772087,52.0406043,ST
ST_43361008,Friedeburg 1/96,DEGB_DEST_SAL-GW-014,Mansfeld-Querfurt-Naumburger Triasmulden und -platten,5,11.7483038,51.6186648,ST
ST_45371005,Röpzig 1/94,DEGB_DEST_SAL-GW-017,Saale-Elster-Aue,3,11.9425002,51.4330817,ST
TH_109145,Hy Wellsdorf (Schullandheim),DEGB_DETH_SAL-GW-045,Vogtl. Schiefergebirge - Weisse Elster - Aubach,10.3,12.0972638,50.6286432,TH
TH_117446,Immenrode / Quellbecken im Ort,DEGB_DETH_SAL-GW-033,Duen-Hainleite,0,10.7339706,51.3659309,TH
TH_117702,Backleben / Quelle Kropporns-Mühle,DEGB_DETH_SAL-GW-026_1,Oestliches Thueringer Keuperbecken,0,11.2851966,51.2061475,TH
TH_118218,Kösnitz / Brauchwasserbrunnen Gasthof,DEGB_DETH_SAL-GW-008_1,Muschelkalk der noerdlichen Ilm-Saaleplatte,7.9,11.5974422,51.0132957,TH
TH_118447,Mönchenholzhausen / Brunnen nahe Kirche,DEGB_DETH_SAL-GW-027_1,Muschelkalk der westlichen Ilm-Saaleplatte,11,11.1538571,50.9689556,TH
